PLAYER,TEAM,Period,MIN,PTS,FGM,FGA,FG%,3PM,3PA,3P%,FTM,FTA,FT%,OREB,DREB,REB,AST,TOV,STL,BLK,PF,FP,DD2,TD3,+/-
Luka Dončić,LAL,Q1,9.6,10.7,3.5,6.5,53.8,1.7,3.8,43.5,2.0,2.5,80.0,0.0,3.8,3.8,3.2,1.7,0.3,0.0,0.0,19.4,3.0,1.0,6.2
Anthony Edwards,MIN,Q1,11.8,10.1,3.7,7.0,52.4,1.4,2.8,52.0,1.3,1.4,92.3,0.2,0.9,1.1,1.1,0.7,0.6,0.1,0.6,14.4,0.0,0.0,2.3
Joel Embiid,PHI,Q1,10.2,10.0,3.7,7.5,48.9,0.3,0.8,40.0,2.3,2.3,100,1.8,1.5,3.3,1.5,0.7,0.2,0.2,0.5,16.6,1.0,0.0,5.0
Paul Reed,DET,Q1,8.2,9.0,4.0,4.5,88.9,0.5,0.5,100,0.5,1.0,50.0,0.5,1.5,2.0,0.5,1.0,0.5,1.0,1.0,15.7,0.0,0.0,11.0
Jaren Jackson Jr.,UTA,Q1,8.1,8.7,3.3,5.1,63.9,1.1,1.7,66.7,1.0,1.0,100,0.0,1.6,1.6,1.0,0.7,0.9,0.3,0.7,14.8,0.0,0.0,1.0
Evan Mobley,CLE,Q1,8.8,8.3,3.7,6.3,57.9,0.0,1.7,0.0,1.0,1.0,100,0.0,0.7,0.7,1.0,0.7,0.0,0.7,0.3,12.0,1.0,0.0,0.7
Jalen Brunson,NYK,Q1,11.5,8.0,2.7,6.1,44.3,1.0,3.0,33.3,1.6,1.7,94.1,0.1,1.2,1.3,1.8,1.0,0.3,0.0,0.3,12.2,1.0,0.0,3.5
Michael Porter Jr.,BKN,Q1,9.2,7.8,2.7,5.2,51.6,0.7,2.5,26.7,1.8,2.0,91.7,0.7,1.3,2.0,1.2,0.7,0.2,0.0,0.7,11.8,2.0,0.0,-5.5
Victor Wembanyama,SAS,Q1,6.2,7.8,2.6,3.6,72.2,0.8,1.4,57.1,1.8,2.4,75.0,0.4,1.9,2.3,0.2,0.5,0.4,0.3,0.4,12.5,7.0,0.0,3.3
Stephen Curry,GSW,Q1,9.0,7.8,2.3,6.0,37.5,1.8,3.8,46.7,1.5,1.5,100,0.0,0.5,0.5,1.0,1.0,0.8,0.0,0.5,11.1,0.0,0.0,1.8
Tyrese Maxey,PHI,Q1,10.6,7.6,2.6,6.1,42.6,1.1,3.4,32.4,1.3,1.3,100,0.0,0.5,0.5,1.2,0.6,0.5,0.0,0.4,10.9,1.0,0.0,2.2
Jaylen Brown,BOS,Q1,10.2,7.5,2.8,6.3,44.0,0.9,2.4,36.8,1.1,1.3,90.0,0.3,1.8,2.0,1.3,0.5,0.5,0.3,0.4,13.5,2.0,0.0,-2.0
Jamal Murray,DEN,Q1,10.4,7.4,2.3,4.4,52.5,0.9,2.1,42.1,1.9,2.2,85.0,0.1,1.0,1.1,2.3,0.9,0.2,0.1,0.3,12.4,4.0,0.0,1.3
Dillon Brooks,PHX,Q1,9.2,7.3,2.7,5.3,50.9,0.5,1.5,33.3,1.4,1.4,100,0.2,1.1,1.3,0.6,0.7,0.2,0.0,0.9,9.7,0.0,0.0,-0.9
Aaron Gordon,DEN,Q1,8.6,7.0,2.0,4.0,50.0,1.0,2.0,50.0,2.0,3.0,66.7,0.0,3.0,3.0,2.0,1.0,2.0,0.0,1.0,18.6,0.0,0.0,6.0
Desmond Bane,ORL,Q1,8.9,7.0,2.4,4.1,58.5,1.2,2.2,54.5,1.0,1.1,90.9,0.3,0.2,0.5,0.6,0.7,0.5,0.2,0.3,9.9,0.0,0.0,0.4
OG Anunoby,NYK,Q1,9.3,7.0,2.5,4.5,55.6,1.5,2.7,56.3,0.5,1.0,50.0,0.0,0.7,0.7,0.3,0.3,0.3,0.0,0.8,9.0,0.0,0.0,1.2
Jarrett Allen,CLE,Q1,8.0,6.9,3.0,4.0,75.0,0.0,0.1,0.0,0.9,1.0,90.0,0.9,2.1,3.0,0.7,0.4,0.2,0.2,0.7,12.4,4.0,0.0,3.7
Brandon Miller,CHA,Q1,8.5,6.6,2.2,5.0,44.0,1.0,2.6,38.5,1.2,1.2,100,0.5,1.1,1.6,0.9,0.7,0.5,0.2,0.7,11.3,1.0,0.0,2.3
Norman Powell,MIA,Q1,7.9,6.6,2.0,4.4,45.5,1.0,2.4,41.7,1.6,1.8,88.9,0.0,0.6,0.6,0.6,0.0,0.4,0.0,0.4,9.4,1.0,0.0,3.2
De'Aaron Fox,SAS,Q1,8.5,6.5,2.4,4.3,55.8,0.7,1.7,41.2,1.0,1.1,90.9,0.1,0.7,0.8,2.2,0.6,0.2,0.1,0.6,11.1,2.0,0.0,3.3
Kon Knueppel,CHA,Q1,8.9,6.5,2.3,3.5,65.7,1.6,2.3,69.6,0.3,0.3,100,0.5,1.0,1.5,1.4,0.6,0.2,0.1,0.3,10.7,0.0,0.0,2.7
Grayson Allen,PHX,Q1,9.1,6.4,2.3,4.6,50.0,1.3,3.1,40.9,0.6,0.7,80.0,0.4,0.7,1.1,0.9,0.3,0.3,0.1,0.1,10.1,0.0,0.0,-2.3
Donovan Mitchell,CLE,Q1,8.7,6.4,2.5,5.5,45.5,0.7,2.4,29.2,0.7,0.8,87.5,0.1,0.9,1.0,1.5,1.0,0.4,0.2,0.4,10.7,1.0,0.0,3.1
Andrew Nembhard,IND,Q1,7.8,6.4,2.3,4.8,47.4,1.3,2.5,50.0,0.6,0.8,83.3,0.3,0.6,0.9,1.4,0.6,0.4,0.0,0.3,10.0,3.0,0.0,0.4
Brandon Williams,DAL,Q1,6.1,6.4,2.4,4.1,57.6,0.5,1.0,50.0,1.1,1.5,75.0,0.0,0.6,0.6,1.3,0.5,0.1,0.0,0.5,8.9,0.0,0.0,-4.6
Jalen Duren,DET,Q1,8.8,6.4,2.6,3.4,77.8,0.0,0.0,0.0,1.1,1.4,81.8,0.9,2.5,3.4,0.5,0.4,0.3,0.0,0.6,11.6,4.0,0.0,0.5
Lauri Markkanen,UTA,Q1,8.9,6.1,2.3,5.6,40.0,1.0,2.8,36.4,0.6,0.8,83.3,0.5,1.6,2.1,0.6,0.4,0.4,0.0,0.4,10.4,1.0,0.0,-0.3
Cade Cunningham,DET,Q1,9.1,6.1,2.4,5.2,46.2,0.5,1.5,33.3,0.8,1.1,72.7,0.4,1.4,1.8,3.5,0.4,0.3,0.2,0.6,14.6,5.0,0.0,2.1
Trey Murphy III,NOP,Q1,10.8,6.1,2.5,6.1,41.0,0.5,2.8,17.9,0.6,0.7,85.7,0.5,1.3,1.8,1.6,0.4,0.3,0.1,0.3,11.5,0.0,0.0,0.0
Alex Sarr,WAS,Q1,8.2,6.0,2.7,5.3,51.4,0.4,1.0,42.9,0.1,0.1,100,1.3,2.3,3.6,1.0,0.3,0.4,0.4,0.4,14.1,3.0,0.0,-1.1
Jevon Carter,ORL,Q1,5.2,6.0,2.0,5.0,40.0,2.0,5.0,40.0,0.0,0.0,0.0,0.0,0.0,0.0,0.0,0.0,0.0,1.0,0.0,9.0,0.0,0.0,0.0
Jonathan Kuminga,ATL,Q1,5.1,6.0,2.0,2.0,100,0.0,0.0,0.0,2.0,2.0,100,0.0,0.0,0.0,1.0,0.0,1.0,0.0,0.0,10.5,0.0,0.0,9.0
Keyonte George,UTA,Q1,9.5,6.0,2.3,3.7,63.6,0.3,1.0,33.3,1.0,1.7,60.0,0.0,1.0,1.0,1.3,0.3,0.3,0.0,0.0,9.9,0.0,0.0,-4.7
PJ Hall,CHA,Q1,5.3,6.0,2.0,2.0,100,0.0,0.0,0.0,2.0,2.0,100,1.0,3.0,4.0,0.0,0.0,0.0,0.0,1.0,10.8,1.0,0.0,12.0
Bam Adebayo,MIA,Q1,7.9,5.8,2.0,4.1,48.8,0.8,1.9,42.1,1.0,1.2,83.3,0.1,1.8,1.9,1.0,0.5,0.3,0.1,0.3,10.3,6.0,0.0,4.7
CJ McCollum,ATL,Q1,7.0,5.8,2.4,4.1,58.5,0.8,1.6,50.0,0.2,0.2,100,0.4,0.4,0.8,0.7,0.5,0.1,0.2,0.3,8.2,0.0,0.0,-1.0
Nikola Jokić,DEN,Q1,8.5,5.7,2.1,3.7,57.7,0.3,0.3,100,1.1,1.1,100,1.3,3.0,4.3,3.0,1.0,0.1,0.3,0.4,15.6,6.0,4.0,0.4
Jalen Green,PHX,Q1,6.9,5.7,2.3,5.3,43.8,0.3,2.3,14.3,0.7,0.7,100,0.0,2.0,2.0,0.7,1.0,0.0,0.0,0.3,8.1,0.0,0.0,6.0
Kevin Durant,HOU,Q1,9.8,5.7,2.1,5.1,41.3,0.6,1.3,41.7,0.9,1.1,80.0,0.3,1.7,2.0,1.6,1.0,0.4,0.0,0.4,10.7,0.0,0.0,1.9
Jalen Smith,CHI,Q1,7.2,5.6,2.2,3.2,68.8,0.8,1.4,57.1,0.4,0.6,66.7,0.2,1.8,2.0,0.4,0.4,0.2,0.0,0.4,8.8,1.0,0.0,-2.2
Peyton Watson,DEN,Q1,11.3,5.5,2.2,5.5,39.4,0.8,2.2,38.5,0.3,0.7,50.0,0.2,1.2,1.3,0.8,0.7,0.3,0.5,0.3,10.2,0.0,0.0,-1.5
Ryan Rollins,MIL,Q1,8.8,5.5,2.1,4.8,44.7,0.9,1.8,50.0,0.4,0.4,100,0.3,1.0,1.3,1.4,1.4,0.3,0.1,0.4,8.8,1.0,0.0,-1.6
Ty Jerome,MEM,Q1,5.1,5.5,1.7,3.2,52.6,0.3,1.3,25.0,1.8,2.2,84.6,0.2,0.3,0.5,1.3,0.5,0.0,0.0,0.3,7.6,0.0,0.0,-1.0
DeMar DeRozan,SAC,Q1,8.8,5.4,1.8,4.3,41.9,0.2,0.7,28.6,1.6,2.1,76.2,0.3,0.5,0.8,1.2,0.2,0.2,0.2,0.3,9.2,0.0,0.0,-1.9
Kevin Porter Jr.,MIL,Q1,8.3,5.4,2.2,4.0,55.0,0.2,0.8,25.0,0.8,0.8,100,0.4,1.2,1.6,2.0,1.0,0.0,0.0,0.4,9.3,1.0,1.0,-1.8
Shai Gilgeous-Alexander,OKC,Q1,8.4,5.4,1.8,3.8,47.4,0.0,0.6,0.0,1.8,2.0,90.0,0.4,1.0,1.4,3.0,1.2,0.6,0.4,0.6,13.4,1.0,0.0,4.4
Kyshawn George,WAS,Q1,8.5,5.3,1.7,3.6,46.9,0.8,2.0,38.9,1.2,1.3,91.7,0.2,1.3,1.6,1.4,0.7,0.3,0.4,0.9,11.0,0.0,0.0,-0.1
Julius Randle,MIN,Q1,9.0,5.3,2.1,5.0,42.0,0.6,1.9,31.6,0.5,0.6,83.3,0.3,2.0,2.3,1.1,0.5,0.3,0.1,0.4,10.4,1.0,1.0,0.8
Kawhi Leonard,LAC,Q1,7.6,5.3,1.9,4.7,40.4,0.3,1.5,20.0,1.2,1.3,92.3,0.5,1.8,2.3,1.3,0.8,0.7,0.1,0.1,11.6,1.0,0.0,-2.3
Kyle Filipowski,UTA,Q1,7.1,5.3,1.9,3.0,61.9,0.7,0.9,83.3,0.9,1.3,66.7,0.9,1.7,2.6,0.9,0.7,0.6,0.1,1.0,11.1,4.0,0.0,-0.4
Jarace Walker,IND,Q1,7.3,5.2,1.9,3.7,51.5,0.8,1.9,41.2,0.7,0.7,100,0.0,1.9,1.9,0.6,0.4,0.4,0.0,0.4,9.2,1.0,0.0,0.0
James Harden,CLE,Q1,10.3,5.2,1.2,3.8,30.4,0.7,2.0,33.3,2.2,2.3,92.9,0.3,1.7,2.0,2.2,1.0,0.5,0.5,0.5,12.8,3.0,0.0,0.2
Onyeka Okongwu,ATL,Q1,7.9,5.2,2.0,3.5,57.1,0.8,1.5,55.6,0.3,0.3,100,0.0,1.2,1.2,0.5,0.3,0.3,0.0,0.2,8.0,1.0,0.0,-0.2
LeBron James,LAL,Q1,8.3,5.1,2.1,3.9,54.3,0.4,1.2,36.4,0.4,0.8,57.1,0.0,1.7,1.7,2.4,1.0,0.4,0.0,0.2,11.1,4.0,1.0,1.8
Miles Bridges,CHA,Q1,8.0,5.1,2.1,3.7,57.6,0.4,1.3,33.3,0.4,0.4,100,0.1,0.7,0.8,1.2,0.8,0.2,0.3,0.4,8.8,0.0,0.0,1.7
Mikal Bridges,NYK,Q1,9.0,5.1,2.1,3.7,56.8,0.7,1.6,43.8,0.2,0.3,66.7,0.1,1.0,1.1,1.3,0.1,0.2,0.3,0.7,9.8,0.0,0.0,2.0
Payton Pritchard,BOS,Q1,7.9,5.1,2.2,4.4,50.0,0.7,2.2,31.8,0.0,0.0,0.0,0.1,0.8,0.9,1.6,0.3,0.1,0.0,0.0,8.6,0.0,0.0,0.4
Cooper Flagg,DAL,Q1,8.5,5.0,2.3,4.8,47.4,0.0,0.5,0.0,0.5,0.8,66.7,0.1,1.8,1.9,1.3,0.3,0.1,0.1,0.1,9.6,3.0,0.0,-3.4
Deni Avdija,POR,Q1,8.2,5.0,1.8,4.0,43.8,0.5,1.3,40.0,1.0,1.5,66.7,0.8,0.8,1.5,1.3,1.5,0.5,0.0,0.3,8.7,2.0,0.0,-4.0
Jalen Williams,OKC,Q1,7.6,5.0,1.5,4.0,37.5,0.5,0.5,100,1.5,2.0,75.0,0.0,0.5,0.5,1.5,0.0,0.5,0.0,0.5,9.4,0.0,0.0,4.5
John Collins,LAC,Q1,9.1,5.0,2.1,4.1,51.2,0.4,1.5,26.7,0.4,0.5,80.0,0.5,0.6,1.1,0.3,0.6,0.3,0.0,0.8,7.1,0.0,0.0,-3.9
Kobe Bufkin,LAL,Q1,6.9,5.0,2.0,4.0,50.0,1.0,3.0,33.3,0.0,0.0,0.0,0.0,1.0,1.0,1.0,1.0,0.0,0.0,0.0,6.7,0.0,0.0,-11.0
Nickeil Alexander-Walker,ATL,Q1,8.7,4.9,1.5,3.6,41.7,0.8,1.5,53.3,1.1,1.1,100,0.0,0.9,0.9,1.8,0.8,0.3,0.0,0.6,8.8,2.0,0.0,1.3
Anfernee Simons,CHI,Q1,6.8,4.9,1.8,3.4,51.6,1.2,2.6,47.8,0.1,0.1,100,0.4,0.2,0.7,0.8,0.2,0.1,0.1,0.4,7.3,0.0,0.0,-0.1
Jalen Johnson,ATL,Q1,8.7,4.9,1.8,4.8,36.8,0.3,1.0,25.0,1.1,1.6,69.2,0.8,2.8,3.5,2.8,0.4,0.8,0.0,0.4,15.1,6.0,3.0,3.1
Keldon Johnson,SAS,Q1,6.1,4.8,1.8,3.1,58.1,0.5,1.2,41.7,0.7,0.8,87.5,0.8,0.9,1.7,0.3,0.6,0.0,0.1,0.5,7.0,1.0,0.0,0.8
Zach LaVine,SAC,Q1,7.2,4.8,1.2,4.0,30.0,0.4,1.8,22.2,2.0,2.2,90.9,0.0,0.6,0.6,0.2,0.0,0.2,0.0,0.2,6.4,0.0,0.0,-4.2
Naji Marshall,DAL,Q1,8.7,4.8,2.0,4.4,45.0,0.1,0.7,16.7,0.7,1.0,66.7,0.4,1.7,2.1,0.9,0.8,0.2,0.1,0.1,8.9,1.0,0.0,-3.2
Kelly Oubre Jr.,PHI,Q1,9.7,4.7,1.5,3.4,44.1,0.6,1.6,37.5,1.1,1.5,73.3,0.4,0.9,1.3,0.6,0.4,0.7,0.1,0.6,9.2,1.0,0.0,1.2
Matas Buzelis,CHI,Q1,8.2,4.7,1.7,3.3,51.5,0.9,1.6,56.3,0.4,0.5,80.0,0.2,1.3,1.5,0.9,0.9,0.1,0.4,0.4,8.5,0.0,0.0,-2.8
Russell Westbrook,SAC,Q1,7.5,4.7,1.7,3.8,43.5,1.0,2.3,42.9,0.3,0.8,40.0,0.2,0.3,0.5,1.2,1.0,0.0,0.0,0.3,6.0,0.0,0.0,0.3
Brandon Ingram,TOR,Q1,9.1,4.6,1.7,4.7,36.2,0.5,1.3,38.5,0.7,0.7,100,0.3,1.8,2.1,1.1,0.2,0.2,0.1,0.3,9.5,0.0,0.0,2.2
LaMelo Ball,CHA,Q1,7.0,4.6,1.5,3.9,38.5,1.1,2.5,44.0,0.5,0.5,100,0.0,0.7,0.7,1.6,0.4,0.1,0.0,0.4,7.7,1.0,0.0,2.6
Toumani Camara,POR,Q1,8.9,4.6,1.8,3.7,48.6,1.0,2.4,41.7,0.0,0.0,0.0,0.6,0.9,1.5,0.5,0.4,0.3,0.0,1.0,7.7,1.0,0.0,-2.1
Jaylen Wells,MEM,Q1,7.0,4.6,1.6,2.8,56.0,0.9,1.9,47.1,0.6,0.7,83.3,0.1,0.7,0.8,0.7,0.2,0.1,0.0,0.6,6.6,0.0,0.0,-0.8
Andrew Wiggins,MIA,Q1,8.7,4.5,1.6,3.5,46.4,1.0,1.8,57.1,0.3,0.3,100,0.6,1.0,1.6,0.9,0.5,0.6,0.1,0.4,9.5,2.0,0.0,3.4
Domantas Sabonis,SAC,Q1,6.6,4.5,2.3,3.8,60.0,0.0,0.3,0.0,0.0,0.0,0.0,1.0,2.8,3.8,1.8,0.8,0.0,0.0,1.3,10.9,2.0,0.0,0.0
Jerami Grant,POR,Q1,8.0,4.5,1.8,3.9,46.2,0.5,2.2,22.7,0.4,0.5,80.0,0.1,0.2,0.3,0.3,0.3,0.1,0.1,0.2,5.6,0.0,0.0,0.0
Saddiq Bey,NOP,Q1,8.1,4.5,1.6,3.9,41.0,0.7,1.7,41.2,0.6,0.7,85.7,0.3,1.1,1.4,1.1,0.2,0.3,0.0,0.3,8.5,2.0,0.0,-1.0
Tari Eason,HOU,Q1,7.7,4.5,1.8,4.1,42.4,1.0,1.8,57.1,0.0,0.0,0.0,0.6,1.3,1.9,0.5,0.1,0.5,0.1,0.4,9.3,0.0,0.0,0.5
Deandre Ayton,LAL,Q1,6.6,4.4,2.1,2.3,93.8,0.0,0.0,0.0,0.1,0.1,100,1.0,1.3,2.3,0.3,0.0,0.0,0.3,0.3,8.5,1.0,0.0,-0.1
Alperen Sengun,HOU,Q1,8.6,4.4,2.1,4.3,48.8,0.1,0.3,33.3,0.1,0.1,100,0.7,1.8,2.5,2.1,0.5,0.4,0.2,0.6,11.9,4.0,1.0,2.7
Anthony Black,ORL,Q1,9.2,4.4,1.5,4.5,33.3,0.5,2.1,23.8,0.9,1.0,90.0,0.3,1.1,1.4,1.3,0.3,0.8,0.2,0.7,10.7,0.0,0.0,-1.4
Moses Moody,GSW,Q1,7.3,4.4,1.7,3.3,51.5,0.8,2.1,38.1,0.2,0.3,66.7,0.4,0.8,1.2,0.5,0.3,0.4,0.1,0.3,7.8,0.0,0.0,0.7
Sandro Mamukelashvili,TOR,Q1,7.0,4.4,1.4,3.0,46.7,1.1,2.1,52.4,0.5,0.8,62.5,0.5,1.0,1.5,0.3,0.2,0.3,0.0,0.3,7.4,0.0,0.0,1.5
Egor Dëmin,BKN,Q1,7.5,4.4,1.5,2.9,52.2,1.0,2.3,44.4,0.4,0.4,100,0.0,1.1,1.1,1.0,0.8,0.0,0.0,0.4,6.5,1.0,0.0,-1.3
Pascal Siakam,IND,Q1,8.0,4.4,1.8,3.8,46.7,0.5,1.4,36.4,0.4,0.4,100,0.0,0.9,0.9,1.4,0.4,0.1,0.0,0.1,7.5,0.0,0.0,0.5
Quenton Jackson,IND,Q1,6.2,4.3,1.7,2.7,62.5,1.0,1.7,60.0,0.0,0.0,0.0,0.3,0.3,0.7,0.3,0.3,0.3,0.0,0.3,6.3,0.0,0.0,-1.7
Mark Williams,PHX,Q1,7.3,4.3,2.0,2.7,74.1,0.0,0.0,0.0,0.3,0.4,75.0,0.5,1.6,2.1,0.9,0.4,0.2,0.2,0.2,9.0,3.0,0.0,-0.6
Zion Williamson,NOP,Q1,7.7,4.3,1.6,2.7,59.3,0.0,0.0,0.0,1.1,1.2,91.7,0.5,1.3,1.8,1.0,0.3,0.1,0.1,0.4,8.3,4.0,0.0,0.9
Bones Hyland,MIN,Q1,4.6,4.3,1.7,2.6,66.7,0.9,1.4,60.0,0.0,0.3,0.0,0.1,0.7,0.9,0.7,0.6,0.6,0.0,0.6,7.5,0.0,0.0,2.0
Pelle Larsson,MIA,Q1,7.2,4.3,1.6,2.4,64.7,0.3,0.6,50.0,0.9,1.1,75.0,0.4,1.0,1.4,1.0,0.9,0.3,0.1,0.3,7.9,0.0,0.0,2.3
Aaron Nesmith,IND,Q1,8.5,4.3,1.5,3.1,48.0,1.0,1.5,66.7,0.3,0.3,100,0.1,0.8,0.9,0.8,0.4,0.1,0.1,0.4,6.8,0.0,0.0,1.3
Noah Clowney,BKN,Q1,7.1,4.3,1.5,2.5,60.0,1.0,1.8,57.1,0.3,0.5,50.0,0.8,0.8,1.5,0.5,0.0,0.3,0.0,0.5,7.6,0.0,0.0,-1.3
Devin Vassell,SAS,Q1,7.4,4.2,1.6,3.2,48.3,0.7,1.9,35.3,0.4,0.7,66.7,0.2,1.0,1.2,0.6,0.1,0.1,0.1,0.1,7.1,0.0,0.0,3.7
Ivica Zubac,IND,Q1,8.2,4.2,2.0,2.6,76.9,0.0,0.0,0.0,0.2,0.4,50.0,0.2,2.6,2.8,0.2,0.0,0.0,0.0,0.6,7.9,2.0,0.0,-0.8
Rui Hachimura,LAL,Q1,7.5,4.2,1.7,2.9,58.6,0.7,1.3,53.8,0.1,0.2,50.0,0.0,0.8,0.8,0.3,0.0,0.0,0.0,0.1,5.6,0.0,0.0,2.4
Scottie Barnes,TOR,Q1,8.7,4.2,1.8,3.8,47.4,0.3,1.1,27.3,0.3,0.4,75.0,0.6,1.5,2.1,1.8,0.8,0.5,0.8,0.6,12.5,4.0,0.0,2.6
Dyson Daniels,ATL,Q1,8.6,4.1,1.9,3.3,56.7,0.2,0.6,40.0,0.1,0.2,50.0,0.6,0.6,1.1,1.7,0.1,0.6,0.1,0.3,9.8,0.0,0.0,2.8
Day'Ron Sharpe,BKN,Q1,4.9,4.1,1.8,2.8,64.3,0.0,0.1,0.0,0.5,0.8,62.5,1.5,1.1,2.6,0.3,0.4,0.4,0.1,0.7,8.8,2.0,0.0,1.7
Derik Queen,NOP,Q1,8.3,4.1,1.7,2.5,68.0,0.1,0.1,100,0.6,0.9,66.7,0.5,2.3,2.8,1.4,0.9,0.3,0.1,0.4,9.9,0.0,0.0,-1.5
Giannis Antetokounmpo,MIL,Q1,8.1,4.0,1.0,1.0,100,0.0,0.0,0.0,2.0,2.0,100,0.0,2.0,2.0,3.0,2.0,0.0,0.0,0.0,8.9,1.0,0.0,-2.0
Jaden McDaniels,MIN,Q1,9.2,4.0,1.5,2.2,68.2,0.6,0.9,66.7,0.4,0.4,100,0.2,1.0,1.2,1.0,0.8,0.2,0.3,0.4,7.6,0.0,0.0,1.5
Kevon Looney,NOP,Q1,4.0,4.0,2.0,2.0,100,0.0,0.0,0.0,0.0,0.0,0.0,2.0,2.0,4.0,0.0,0.0,0.0,0.0,1.0,8.8,0.0,0.0,6.0
Khris Middleton,DAL,Q1,6.2,4.0,1.5,2.8,52.9,0.5,1.3,37.5,0.5,0.7,75.0,0.0,1.0,1.0,1.0,0.5,0.2,0.0,0.3,6.7,0.0,0.0,-2.8
Luguentz Dort,OKC,Q1,8.8,4.0,1.6,2.9,53.8,0.8,1.7,46.7,0.1,0.2,50.0,0.3,0.9,1.2,0.1,0.2,0.3,0.0,0.4,6.4,0.0,0.0,3.2
Malik Monk,SAC,Q1,5.6,4.0,1.2,3.4,35.3,1.0,2.0,50.0,0.6,0.6,100,0.0,0.4,0.4,0.8,1.0,0.4,0.6,0.0,7.7,0.0,0.0,-0.2
Nick Smith Jr.,LAL,Q1,5.1,4.0,2.0,5.0,40.0,0.0,0.0,0.0,0.0,0.0,0.0,0.0,0.0,0.0,0.0,0.0,1.0,0.0,0.0,7.0,0.0,0.0,-6.0
Paul George,PHI,Q1,7.7,4.0,1.5,3.5,42.9,1.0,2.0,50.0,0.0,0.0,0.0,0.0,0.5,0.5,1.0,0.0,0.0,0.0,0.5,6.1,0.0,0.0,3.0
Tristan Vukcevic,WAS,Q1,5.0,4.0,1.7,3.0,55.6,0.7,1.0,66.7,0.0,0.0,0.0,0.7,0.3,1.0,0.7,0.3,0.3,0.7,1.3,8.9,0.0,0.0,-5.0
Corey Kispert,ATL,Q1,5.9,3.9,1.6,3.3,48.5,0.6,1.6,37.5,0.1,0.1,100,0.1,1.3,1.4,1.0,0.0,0.0,0.0,0.2,7.1,0.0,0.0,1.0
Donovan Clingan,POR,Q1,7.8,3.9,1.5,2.9,51.7,0.5,1.4,35.7,0.4,0.5,80.0,1.5,2.1,3.6,0.7,0.4,0.0,0.6,0.4,10.7,5.0,0.0,-2.6
Duncan Robinson,DET,Q1,7.9,3.9,1.5,3.4,44.1,0.9,2.4,37.5,0.0,0.0,0.0,0.3,0.5,0.8,0.4,0.2,0.1,0.0,0.5,5.6,0.0,0.0,3.0
Immanuel Quickley,TOR,Q1,7.1,3.9,1.5,3.1,48.4,0.7,1.7,41.2,0.2,0.3,66.7,0.1,1.3,1.4,1.1,0.2,0.3,0.0,0.4,7.9,1.0,0.0,3.1
Jabari Smith Jr.,HOU,Q1,8.9,3.9,1.3,2.9,44.8,0.8,2.0,40.0,0.5,0.5,100,0.5,1.6,2.1,0.8,0.2,0.2,0.3,0.4,8.9,3.0,0.0,3.1
Jeremiah Fears,NOP,Q1,5.0,3.9,1.6,3.2,50.0,0.6,1.5,40.0,0.1,0.1,100,0.1,0.4,0.5,1.0,0.5,0.3,0.0,0.5,6.4,1.0,0.0,2.0
Julian Champagnie,SAS,Q1,7.1,3.9,1.3,2.3,56.5,1.1,2.0,55.0,0.2,0.3,66.7,0.1,1.1,1.2,0.4,0.1,0.2,0.1,0.4,6.7,0.0,0.0,4.6
Paolo Banchero,ORL,Q1,9.7,3.9,1.2,3.1,38.7,0.3,0.8,37.5,1.2,1.3,92.3,0.1,1.5,1.6,1.1,0.4,0.1,0.2,0.3,8.0,3.0,0.0,-0.4
Jaxson Hayes,LAL,Q1,5.5,3.9,1.8,2.2,80.0,0.0,0.0,0.0,0.3,0.4,75.0,0.4,0.7,1.1,0.4,0.1,0.3,0.2,0.7,7.4,0.0,0.0,2.8
Kel'el Ware,MIA,Q1,5.8,3.9,1.5,3.3,46.2,0.6,1.5,41.7,0.3,0.5,50.0,0.5,1.8,2.3,0.3,0.1,0.1,0.1,0.6,7.6,2.0,0.0,3.0
RJ Barrett,TOR,Q1,6.5,3.9,1.4,2.8,50.0,0.5,1.4,36.4,0.6,1.1,55.6,0.1,1.5,1.6,0.8,0.4,0.0,0.1,1.3,7.0,0.0,0.0,0.4
Shaedon Sharpe,POR,Q1,7.9,3.8,1.3,3.2,42.1,0.8,2.0,41.7,0.3,0.5,66.7,0.2,1.3,1.5,0.8,1.0,0.2,0.2,0.5,6.9,0.0,0.0,-4.0
Taylor Hendricks,MEM,Q1,5.5,3.8,1.4,3.0,46.7,0.8,2.2,36.4,0.2,0.6,33.3,0.0,1.2,1.2,0.4,0.4,0.6,0.0,0.8,7.2,1.0,0.0,-1.0
Tim Hardaway Jr.,DEN,Q1,6.0,3.8,1.1,2.5,44.0,0.7,1.6,43.8,0.9,1.1,81.8,0.0,0.6,0.6,0.1,0.0,0.1,0.1,0.1,5.3,0.0,0.0,0.5
Brice Sensabaugh,UTA,Q1,6.3,3.8,1.4,2.5,55.0,0.9,1.5,58.3,0.1,0.3,50.0,0.0,0.6,0.6,0.3,0.4,0.1,0.0,1.3,4.9,0.0,0.0,1.4
Scoot Henderson,POR,Q1,6.2,3.8,1.0,2.3,44.4,0.3,1.3,20.0,1.5,1.8,85.7,0.0,1.0,1.0,1.8,1.3,0.0,0.0,1.0,6.3,0.0,0.0,-4.0
Sam Merrill,CLE,Q1,6.5,3.7,1.3,1.9,69.2,1.1,1.6,72.7,0.0,0.0,0.0,0.0,0.0,0.0,0.0,0.1,0.0,0.0,1.3,3.6,0.0,0.0,5.0
Aaron Wiggins,OKC,Q1,6.7,3.7,1.4,2.7,51.9,0.7,1.4,50.0,0.2,0.2,100,0.1,0.6,0.7,0.8,0.7,0.4,0.1,0.2,6.5,0.0,0.0,0.3
Brandin Podziemski,GSW,Q1,7.2,3.7,1.5,3.1,48.4,0.4,1.3,30.8,0.3,0.4,75.0,0.2,1.5,1.7,1.3,0.5,0.6,0.0,0.3,9.0,0.0,0.0,1.9
Al Horford,GSW,Q1,6.7,3.7,1.3,2.6,52.2,0.7,1.6,42.9,0.3,0.4,75.0,0.3,1.1,1.4,0.9,0.2,0.2,0.4,0.3,8.5,0.0,0.0,1.7
Collin Murray-Boyles,TOR,Q1,8.2,3.7,1.5,2.0,75.0,0.2,0.3,50.0,0.5,0.7,75.0,0.5,0.5,1.0,0.8,0.2,0.2,0.7,1.0,8.5,0.0,0.0,3.2
Isaiah Hartenstein,OKC,Q1,5.9,3.7,1.5,2.0,75.0,0.0,0.0,0.0,0.7,0.8,80.0,0.8,0.8,1.7,1.2,0.8,0.2,0.0,0.3,7.1,1.0,1.0,1.0
Kyle Kuzma,MIL,Q1,7.5,3.7,1.2,3.0,40.7,0.2,0.9,25.0,1.0,1.3,75.0,0.1,1.7,1.8,0.9,0.6,0.1,0.0,0.6,6.9,2.0,0.0,0.8
Nic Claxton,BKN,Q1,7.4,3.7,1.6,2.8,56.0,0.0,0.1,0.0,0.6,1.6,35.7,0.9,1.3,2.2,1.0,0.3,0.2,0.3,0.8,9.2,1.0,0.0,-5.1
Coby White,CHA,Q1,8.4,3.6,1.4,4.6,30.4,0.2,2.0,10.0,0.6,1.0,60.0,0.0,0.8,0.8,1.8,0.8,0.0,0.0,0.6,6.5,1.0,0.0,-5.8
Jaylon Tyson,CLE,Q1,8.1,3.6,1.2,3.2,37.5,0.8,1.4,57.1,0.4,0.6,66.7,0.9,1.0,1.9,1.2,0.1,0.1,0.0,0.3,7.9,0.0,0.0,2.5
Marvin Bagley III,DAL,Q1,5.4,3.6,1.8,3.0,60.0,0.0,0.0,0.0,0.0,0.2,0.0,0.8,1.0,1.8,0.6,0.2,0.2,0.4,0.4,8.3,1.0,0.0,-0.8
Nikola Vučević,BOS,Q1,7.1,3.6,1.3,2.9,45.0,0.4,0.9,50.0,0.6,0.6,100,0.9,1.6,2.4,0.6,0.6,0.4,0.0,0.3,8.1,4.0,0.0,-2.7
Myles Turner,MIL,Q1,8.6,3.6,1.4,3.0,48.1,0.2,1.3,16.7,0.4,0.7,66.7,0.1,2.2,2.3,0.3,0.6,0.0,0.7,0.6,8.3,1.0,0.0,-1.3
Bennedict Mathurin,LAC,Q1,6.6,3.5,1.5,3.7,40.9,0.5,1.7,30.0,0.0,0.0,0.0,0.7,1.2,1.8,1.5,0.5,0.2,0.0,0.0,8.0,0.0,0.0,-0.7
Derrick White,BOS,Q1,8.5,3.5,1.5,4.2,35.7,0.5,1.9,26.3,0.0,0.0,0.0,0.2,0.7,0.9,1.7,0.2,0.3,0.4,0.3,9.0,0.0,0.0,-0.4
Devin Booker,PHX,Q1,8.2,3.5,1.0,4.0,25.0,1.0,3.0,33.3,0.5,1.0,50.0,0.0,1.0,1.0,1.5,1.0,0.0,0.0,0.5,6.0,0.0,0.0,6.0
Jaden Hardy,WAS,Q1,4.7,3.5,1.5,1.5,100,0.5,0.5,100,0.0,0.0,0.0,0.0,0.5,0.5,0.0,0.5,0.0,0.0,0.0,3.6,0.0,0.0,-2.0
Nique Clifford,SAC,Q1,9.2,3.5,1.4,3.7,37.8,0.5,1.2,41.7,0.2,0.6,33.3,0.6,1.0,1.6,0.7,0.6,0.5,0.3,0.2,8.3,0.0,0.0,-3.5
Santi Aldama,MEM,Q1,7.0,3.5,1.5,4.5,33.3,0.5,2.0,25.0,0.0,0.0,0.0,1.0,1.5,2.5,0.0,0.0,0.0,0.5,0.0,8.0,0.0,0.0,-3.5
De'Anthony Melton,GSW,Q1,6.0,3.4,1.2,2.4,50.0,0.4,1.3,33.3,0.6,0.8,71.4,0.0,0.3,0.3,0.7,0.4,0.6,0.1,0.2,6.4,0.0,0.0,1.1
Rudy Gobert,MIN,Q1,8.6,3.4,1.2,1.9,63.2,0.0,0.0,0.0,1.0,1.5,66.7,0.6,1.9,2.5,0.4,0.3,0.4,0.2,0.5,8.5,4.0,0.0,2.0
Cam Thomas,MIL,Q1,5.6,3.3,1.3,2.8,47.1,0.2,0.5,33.3,0.5,0.5,100,0.0,0.5,0.5,0.2,0.7,0.0,0.0,0.0,3.5,0.0,0.0,-0.3
Collin Gillespie,PHX,Q1,8.3,3.3,1.1,3.0,37.0,1.0,2.4,40.9,0.1,0.2,50.0,0.6,1.0,1.6,1.4,0.3,0.6,0.0,0.4,8.7,1.0,0.0,-0.3
Karl-Anthony Towns,NYK,Q1,6.3,3.3,1.3,2.3,57.1,0.2,0.9,25.0,0.4,0.6,80.0,0.8,1.9,2.7,0.6,0.4,0.0,0.2,0.4,7.6,8.0,0.0,4.8
Pat Spencer,GSW,Q1,7.6,3.3,1.3,3.3,40.0,0.7,2.0,33.3,0.0,0.2,0.0,0.5,0.8,1.3,0.8,0.5,0.2,0.0,0.2,6.2,0.0,0.0,1.2
Dominick Barlow,PHI,Q1,7.1,3.3,1.3,2.6,47.6,0.3,0.6,40.0,0.5,0.6,80.0,0.9,0.8,1.6,0.3,0.1,0.5,0.3,0.3,7.7,1.0,0.0,2.0
Jock Landale,ATL,Q1,6.7,3.3,1.4,2.5,55.0,0.4,1.0,37.5,0.1,0.5,25.0,1.0,0.5,1.5,0.4,0.4,0.1,0.3,0.4,6.4,1.0,0.0,-2.5
Moritz Wagner,ORL,Q1,4.1,3.3,1.1,2.4,47.4,0.3,1.0,25.0,0.8,0.9,85.7,0.3,1.3,1.5,0.1,0.1,0.4,0.0,1.0,6.2,0.0,0.0,0.1
Tre Johnson,WAS,Q1,7.8,3.3,1.0,4.5,22.2,0.8,2.3,33.3,0.5,0.5,100,0.0,0.3,0.3,1.3,0.5,0.0,0.3,0.5,5.7,0.0,0.0,-2.0
Cason Wallace,OKC,Q1,7.7,3.2,1.3,3.1,42.9,0.2,1.4,15.4,0.3,0.4,75.0,0.4,0.7,1.1,0.9,0.0,0.4,0.2,0.4,7.9,0.0,0.0,0.8
Daniss Jenkins,DET,Q1,2.9,3.2,1.3,1.9,70.6,0.2,0.4,50.0,0.3,0.3,100,0.0,0.3,0.3,0.2,0.1,0.2,0.1,0.3,4.8,0.0,0.0,2.2
Isaac Okoro,CHI,Q1,8.1,3.2,1.2,2.4,50.0,0.2,1.0,22.2,0.6,0.7,83.3,0.3,0.4,0.8,0.2,0.2,0.1,0.0,0.4,4.6,0.0,0.0,-2.2
Isaiah Stewart,DET,Q1,6.2,3.2,1.0,2.1,47.4,0.0,0.8,0.0,1.2,1.3,91.7,0.2,1.1,1.3,0.3,0.1,0.0,0.2,0.3,5.9,0.0,0.0,0.1
Josh Hart,NYK,Q1,8.2,3.2,1.2,2.4,50.0,0.3,0.9,37.5,0.4,0.7,66.7,0.1,2.2,2.3,2.3,0.6,0.3,0.0,0.4,10.0,1.0,1.0,4.4
Justin Champagnie,WAS,Q1,7.0,3.2,1.2,2.6,47.8,0.4,1.0,44.4,0.3,0.3,100,0.7,0.9,1.6,0.6,0.3,0.2,0.0,0.3,6.3,1.0,0.0,-1.1
Tobias Harris,DET,Q1,8.4,3.2,1.0,2.4,40.9,0.1,0.8,14.3,1.1,1.1,100,0.3,1.2,1.6,0.6,0.4,0.2,0.0,0.8,6.1,1.0,0.0,3.2
Austin Reaves,LAL,Q1,4.6,3.2,1.0,1.8,55.6,0.0,0.6,0.0,1.2,1.4,85.7,0.2,0.2,0.4,1.8,0.4,0.2,0.0,0.4,6.6,0.0,0.0,1.4
Jalen Suggs,ORL,Q1,7.8,3.2,1.3,3.0,43.3,0.3,1.4,21.4,0.3,0.3,100,0.0,1.2,1.2,2.2,0.5,0.1,0.3,0.6,8.6,3.0,1.0,-0.3
Max Christie,DAL,Q1,8.3,3.2,1.2,3.3,36.4,0.6,1.7,35.3,0.2,0.2,100,0.0,0.9,0.9,0.3,0.1,0.1,0.1,0.3,5.2,0.0,0.0,-4.3
Neemias Queta,BOS,Q1,6.7,3.1,1.3,1.8,75.0,0.0,0.0,0.0,0.4,0.4,100,0.8,1.1,1.9,0.4,0.8,0.1,0.1,0.4,5.9,2.0,0.0,1.7
Isaiah Joe,OKC,Q1,5.5,3.1,1.0,2.1,47.6,0.8,1.7,47.1,0.3,0.3,100,0.0,0.2,0.2,0.3,0.2,0.1,0.0,0.1,3.9,0.0,0.0,0.0
Aaron Holiday,HOU,Q1,0.8,3.0,1.0,1.0,100,1.0,1.0,100,0.0,0.0,0.0,0.0,0.0,0.0,0.0,0.0,0.0,0.0,1.0,3.0,0.0,0.0,5.0
Amen Thompson,HOU,Q1,9.0,3.0,1.2,2.2,55.0,0.0,0.1,0.0,0.6,0.9,62.5,0.7,0.8,1.4,2.2,0.2,0.4,0.6,0.2,10.8,1.0,0.0,3.8
Amir Coffey,PHX,Q1,6.1,3.0,1.2,1.6,75.0,0.2,0.4,50.0,0.4,0.6,66.7,0.0,0.6,0.6,0.6,0.0,0.2,0.0,1.0,5.2,0.0,0.0,-1.2
Chris Youngblood,OKC,Q1,7.4,3.0,1.0,3.0,33.3,1.0,3.0,33.3,0.0,0.0,0.0,0.0,0.0,0.0,1.0,0.0,0.0,1.0,0.0,7.5,0.0,0.0,-7.0
Christian Braun,DEN,Q1,9.0,3.0,1.2,2.6,46.2,0.2,1.0,20.0,0.4,0.8,50.0,0.4,0.8,1.2,0.8,0.4,0.0,0.0,0.8,5.2,0.0,0.0,0.2
DaRon Holmes II,DEN,Q1,1.1,3.0,1.0,1.0,100,1.0,1.0,100,0.0,0.0,0.0,0.0,0.0,0.0,0.0,0.0,0.0,0.0,0.0,3.0,0.0,0.0,-1.0
Jonas Valančiūnas,DEN,Q1,4.6,3.0,1.3,2.0,62.5,0.0,0.1,0.0,0.5,0.5,100,0.6,1.6,2.3,0.3,0.4,0.0,0.8,0.8,8.0,2.0,0.0,0.6
Jordan Poole,NOP,Q1,2.7,3.0,1.0,2.0,50.0,1.0,2.0,50.0,0.0,0.0,0.0,0.0,2.0,2.0,1.0,0.0,0.0,0.0,1.0,6.9,0.0,0.0,4.0
Kevin Huerter,DET,Q1,5.0,3.0,1.3,2.8,45.5,0.5,1.8,28.6,0.0,0.0,0.0,0.3,1.0,1.3,0.8,0.0,0.3,0.0,0.3,6.4,1.0,0.0,1.3
Miles McBride,NYK,Q1,3.7,3.0,1.0,1.0,100,1.0,1.0,100,0.0,0.0,0.0,0.0,1.0,1.0,1.0,0.0,0.0,0.0,0.0,5.7,0.0,0.0,7.0
Olivier-Maxence Prosper,MEM,Q1,4.3,3.0,1.0,2.1,47.4,0.7,1.2,54.5,0.3,0.4,75.0,0.2,0.9,1.1,0.2,0.1,0.0,0.0,0.2,4.6,0.0,0.0,1.2
Stephon Castle,SAS,Q1,7.6,3.0,1.3,2.2,60.0,0.2,0.3,66.7,0.1,0.4,25.0,0.2,0.7,0.9,3.2,0.6,0.3,0.1,0.7,9.7,1.0,1.0,2.4
Zaccharie Risacher,ATL,Q1,7.5,3.0,1.2,2.7,43.8,0.7,1.3,50.0,0.0,0.0,0.0,0.2,1.7,1.8,0.0,0.3,0.3,0.2,0.3,6.4,0.0,0.0,1.8
Collin Sexton,CHI,Q1,3.9,2.9,1.1,2.2,50.0,0.1,0.3,33.3,0.6,0.7,83.3,0.2,0.0,0.2,0.4,0.4,0.1,0.0,0.7,3.7,0.0,0.0,-1.2
Caleb Love,POR,Q1,6.2,2.8,1.2,2.8,41.2,0.3,1.0,33.3,0.2,0.3,50.0,0.0,0.7,0.7,0.7,0.5,0.0,0.0,0.0,4.1,0.0,0.0,-6.2
Isaiah Collier,UTA,Q1,7.9,2.8,1.0,2.3,43.5,0.0,0.3,0.0,0.8,1.4,57.1,0.0,0.6,0.6,2.7,0.6,0.3,0.0,0.5,7.9,4.0,0.0,-2.8
Wendell Carter Jr.,ORL,Q1,7.6,2.8,1.2,2.8,42.9,0.2,1.1,18.2,0.2,0.2,100,0.6,1.9,2.5,0.6,0.4,0.2,0.0,0.8,6.9,0.0,0.0,-1.2
Chet Holmgren,OKC,Q1,7.2,2.8,1.0,2.7,37.5,0.2,1.2,18.2,0.6,0.8,71.4,0.0,2.0,2.0,0.4,0.2,0.1,0.2,0.3,6.6,6.0,0.0,1.1
Dylan Harper,SAS,Q1,6.2,2.8,1.0,1.8,56.3,0.2,0.4,50.0,0.6,0.7,83.3,0.1,0.8,0.9,0.7,0.2,0.1,0.2,0.2,5.6,0.0,0.0,1.7
Cole Anthony,PHX,Q1,3.8,2.8,1.0,1.5,66.7,0.3,0.3,100,0.5,0.5,100,0.0,0.3,0.3,0.5,1.0,0.0,0.3,0.5,3.6,0.0,0.0,2.3
Daeqwon Plowden,SAC,Q1,5.5,2.8,1.0,2.8,36.4,0.3,1.8,14.3,0.5,0.5,100,1.0,0.8,1.8,0.0,0.0,0.3,0.0,0.3,5.6,0.0,0.0,-3.3
Ousmane Dieng,MIL,Q1,5.5,2.8,1.0,1.5,66.7,0.5,0.5,100,0.3,0.5,50.0,0.3,1.8,2.0,0.8,0.0,0.0,0.0,0.0,6.3,1.0,0.0,3.5
Gary Payton II,GSW,Q1,4.0,2.7,1.1,2.0,57.1,0.4,0.9,50.0,0.0,0.0,0.0,0.1,0.3,0.4,0.4,0.3,0.4,0.0,0.4,4.9,0.0,0.0,-1.0
Naz Reid,MIN,Q1,5.8,2.7,1.0,2.4,41.7,0.5,1.5,33.3,0.2,0.2,100,0.1,1.4,1.5,0.5,0.3,0.3,0.2,0.5,6.5,0.0,0.0,1.4
Reed Sheppard,HOU,Q1,6.2,2.7,1.0,3.7,27.0,0.4,2.3,17.4,0.3,0.4,75.0,0.1,0.7,0.8,0.4,0.5,0.2,0.2,0.2,5.0,0.0,0.0,-0.6
Daniel Gafford,DAL,Q1,6.5,2.7,0.9,1.3,66.7,0.0,0.0,0.0,0.9,1.1,80.0,1.0,0.7,1.7,0.2,0.3,0.2,0.4,0.8,6.7,3.0,0.0,-5.9
Julian Strawther,DEN,Q1,4.1,2.7,1.0,1.8,56.3,0.3,0.8,42.9,0.3,0.3,100,0.0,0.4,0.4,0.0,0.0,0.2,0.0,0.4,3.9,0.0,0.0,-0.1
Kasparas Jakučionis,MIA,Q1,6.1,2.7,1.0,2.3,42.9,0.7,1.4,46.2,0.0,0.0,0.0,0.3,0.6,0.9,0.9,0.3,0.6,0.1,0.6,6.7,0.0,0.0,-0.2
Moussa Diabaté,CHA,Q1,7.1,2.7,1.1,1.3,83.3,0.0,0.0,0.0,0.4,0.6,80.0,0.8,1.8,2.6,0.4,0.1,0.2,0.0,0.0,7.0,4.0,0.0,2.1
Scotty Pippen Jr.,MEM,Q1,5.1,2.7,1.0,1.7,60.0,0.3,0.3,100,0.3,0.7,50.0,0.0,0.3,0.3,1.0,0.0,0.3,0.3,0.7,6.6,0.0,0.0,0.3
Bobby Portis,MIL,Q1,6.5,2.6,1.0,2.9,34.8,0.6,1.3,50.0,0.0,0.0,0.0,0.5,1.1,1.6,0.4,0.5,0.3,0.0,0.8,5.4,2.0,0.0,-2.1
Jay Huff,IND,Q1,5.7,2.6,0.9,2.1,41.2,0.6,1.5,41.7,0.3,0.3,100,0.4,0.6,1.0,0.8,0.1,0.1,0.4,0.6,6.3,0.0,0.0,-1.1
Jaime Jaquez Jr.,MIA,Q1,6.8,2.6,1.3,3.4,38.2,0.0,0.7,0.0,0.0,0.0,0.0,0.8,1.0,1.8,1.0,0.4,0.1,0.2,0.1,6.8,1.0,0.0,0.6
Javon Small,MEM,Q1,4.7,2.6,1.0,1.6,62.5,0.2,0.4,50.0,0.4,0.4,100,0.4,0.6,1.0,0.6,0.0,0.0,0.0,0.2,4.7,0.0,0.0,-0.6
Kenrich Williams,OKC,Q1,4.9,2.6,0.9,2.0,45.0,0.4,0.7,57.1,0.4,0.6,66.7,0.7,0.5,1.2,0.3,0.1,0.3,0.0,0.2,5.3,0.0,0.0,-0.2
Will Riley,WAS,Q1,5.5,2.6,0.9,2.2,40.9,0.3,0.8,37.5,0.5,0.6,83.3,0.0,0.2,0.2,0.4,0.1,0.3,0.1,0.2,4.5,0.0,0.0,-5.3
AJ Green,MIL,Q1,9.6,2.6,0.9,2.3,38.1,0.7,2.1,31.6,0.1,0.1,100,0.1,0.8,0.9,0.6,0.1,0.3,0.1,0.3,5.7,0.0,0.0,-0.1
Caleb Martin,DAL,Q1,7.0,2.6,1.0,1.7,60.0,0.2,0.4,50.0,0.3,0.4,75.0,0.2,1.3,1.6,1.0,0.6,0.1,0.3,0.3,6.7,0.0,0.0,-5.1
Precious Achiuwa,SAC,Q1,6.2,2.6,1.1,2.9,38.5,0.1,0.7,16.7,0.2,0.2,100,1.0,1.0,2.0,0.1,0.1,0.3,0.3,0.4,7.0,0.0,0.0,-2.4
Andre Drummond,PHI,Q1,7.2,2.5,1.3,2.8,45.5,0.0,0.0,0.0,0.0,0.0,0.0,2.3,1.3,3.5,0.5,0.8,0.5,0.3,0.0,9.0,1.0,0.0,-1.3
Jake LaRavia,LAL,Q1,7.6,2.5,0.8,1.8,44.4,0.3,1.0,30.0,0.6,0.8,75.0,0.1,0.8,0.9,0.8,0.3,0.2,0.1,0.7,5.4,0.0,0.0,0.0
Josh Giddey,CHI,Q1,5.8,2.5,1.0,1.5,66.7,0.5,1.0,50.0,0.0,0.0,0.0,0.5,1.0,1.5,2.0,0.5,0.0,0.0,0.5,6.8,0.0,0.0,-0.5
Patrick Williams,CHI,Q1,5.9,2.5,0.9,2.2,40.9,0.7,1.5,46.7,0.0,0.0,0.0,0.3,0.6,0.9,0.5,0.4,0.3,0.2,0.3,5.4,0.0,0.0,-2.1
Pete Nance,MIL,Q1,4.5,2.5,0.9,1.0,87.5,0.8,0.9,85.7,0.0,0.0,0.0,0.1,0.5,0.6,0.4,0.1,0.1,0.3,0.3,4.8,0.0,0.0,0.5
Simone Fontecchio,MIA,Q1,5.4,2.5,0.7,2.4,29.2,0.4,1.5,26.7,0.7,0.8,87.5,0.5,0.6,1.1,0.4,0.1,0.2,0.1,0.7,5.2,0.0,0.0,4.4
VJ Edgecombe,PHI,Q1,8.4,2.5,1.0,3.1,32.3,0.3,1.5,20.0,0.2,0.2,100,0.6,1.7,2.3,1.4,0.2,0.4,0.2,0.6,9.0,1.0,0.0,0.5
Walter Clayton Jr.,MEM,Q1,5.0,2.5,1.0,2.3,44.4,0.5,1.5,33.3,0.0,0.0,0.0,0.3,0.8,1.0,1.8,1.0,0.5,0.0,1.0,6.8,0.0,0.0,4.5
Draymond Green,GSW,Q1,6.9,2.4,0.9,2.6,34.8,0.6,1.9,29.4,0.1,0.1,100,0.2,1.3,1.6,1.2,0.2,0.3,0.0,0.3,6.9,1.0,0.0,0.3
Ace Bailey,UTA,Q1,7.1,2.4,0.9,3.2,28.1,0.2,1.3,15.4,0.4,0.4,100,0.6,0.8,1.4,0.5,0.2,0.1,0.1,0.1,5.2,0.0,0.0,-1.9
De'Andre Hunter,SAC,Q1,7.3,2.4,0.8,3.0,26.7,0.4,1.8,22.2,0.4,0.4,100,0.2,0.8,1.0,0.2,0.2,0.2,0.0,0.4,4.3,0.0,0.0,-0.8
Gui Santos,GSW,Q1,6.5,2.4,1.0,2.0,50.0,0.2,1.2,16.7,0.2,0.3,66.7,0.1,1.2,1.3,0.9,0.3,0.3,0.3,0.4,6.8,1.0,0.0,0.0
Jaylin Williams,OKC,Q1,6.6,2.4,0.9,2.5,36.0,0.4,1.5,26.7,0.2,0.3,66.7,0.3,2.3,2.6,0.7,0.1,0.3,0.3,0.8,8.3,1.0,0.0,1.4
Cedric Coward,MEM,Q1,6.8,2.4,1.0,2.4,42.1,0.3,0.8,33.3,0.1,0.3,50.0,0.1,2.0,2.1,0.9,0.6,0.0,0.0,0.3,5.6,0.0,0.0,-0.4
Mouhamed Gueye,ATL,Q1,4.7,2.4,0.8,1.4,54.5,0.3,0.5,50.0,0.6,0.8,83.3,0.1,0.8,0.9,0.3,0.1,0.1,0.1,0.5,4.4,0.0,0.0,-0.1
Ayo Dosunmu,MIN,Q1,6.4,2.3,0.9,2.2,40.0,0.3,0.7,50.0,0.2,0.2,100,0.1,1.0,1.1,1.0,0.6,0.3,0.0,0.2,5.6,0.0,0.0,-2.1
Gary Trent Jr.,MIL,Q1,4.5,2.3,0.8,1.5,55.6,0.7,1.3,50.0,0.0,0.0,0.0,0.0,0.2,0.2,0.3,0.0,0.2,0.2,0.0,4.0,0.0,0.0,-0.3
Jaden Ivey,CHI,Q1,6.1,2.3,0.9,2.4,36.4,0.3,1.2,27.3,0.2,0.2,100,0.0,0.9,0.9,0.9,0.6,0.1,0.1,0.2,4.8,0.0,0.0,-0.4
Mohamed Diawara,NYK,Q1,3.8,2.3,0.9,1.1,80.0,0.6,0.8,71.4,0.0,0.0,0.0,0.1,0.2,0.3,0.1,0.1,0.0,0.1,0.2,3.1,0.0,0.0,1.7
Thomas Bryant,CLE,Q1,4.0,2.3,0.7,1.5,44.4,0.3,0.8,40.0,0.7,0.7,100,0.7,0.5,1.2,0.2,0.3,0.0,0.5,0.5,5.2,0.0,0.0,0.5
Bub Carrington,WAS,Q1,7.6,2.3,0.8,2.1,38.1,0.5,1.3,38.5,0.2,0.2,100,0.2,0.5,0.7,1.2,0.7,0.1,0.0,0.2,4.5,0.0,0.0,-3.6
GG Jackson,MEM,Q1,6.1,2.3,0.9,2.0,45.0,0.3,0.8,37.5,0.2,0.4,50.0,0.2,0.8,1.0,0.8,0.0,0.2,0.3,0.5,6.2,0.0,0.0,1.6
Devin Carter,SAC,Q1,5.3,2.3,0.8,2.0,37.5,0.3,0.3,100,0.5,0.5,100,1.0,1.0,2.0,0.8,0.5,0.0,0.3,0.0,6.0,0.0,0.0,-3.3
Luke Kennard,LAL,Q1,6.1,2.3,0.8,1.4,54.5,0.4,0.8,50.0,0.4,0.4,100,0.3,0.6,0.9,0.5,0.1,0.3,0.3,0.1,5.4,0.0,0.0,-1.3
P.J. Washington,DAL,Q1,6.9,2.3,0.9,2.9,30.4,0.4,1.3,30.0,0.1,0.3,50.0,0.6,1.4,2.0,0.5,0.9,0.1,0.3,0.6,5.7,0.0,0.0,-4.4
Vince Williams Jr.,UTA,Q1,4.6,2.3,0.9,1.9,46.7,0.5,1.1,44.4,0.0,0.0,0.0,0.4,0.9,1.3,1.4,0.4,0.3,0.3,0.1,6.9,0.0,0.0,4.8
Cam Spencer,MEM,Q1,6.5,2.2,0.9,1.7,53.3,0.3,0.8,42.9,0.1,0.1,100,0.2,0.1,0.3,1.7,0.2,0.0,0.1,0.1,5.2,0.0,0.0,-1.4
Ausar Thompson,DET,Q1,7.9,2.2,1.0,2.0,50.0,0.0,0.0,0.0,0.2,0.2,100,0.5,1.0,1.5,1.3,0.4,0.7,0.4,0.6,8.9,0.0,0.0,2.4
Ben Sheppard,IND,Q1,4.3,2.2,0.8,1.5,53.3,0.6,1.0,60.0,0.0,0.0,0.0,0.1,0.6,0.7,0.4,0.1,0.0,0.0,0.3,3.5,0.0,0.0,0.9
Landry Shamet,NYK,Q1,5.9,2.2,0.8,2.4,33.3,0.5,1.6,31.3,0.1,0.2,50.0,0.3,0.3,0.6,0.4,0.2,0.2,0.0,0.4,3.9,0.0,0.0,1.4
Bilal Coulibaly,WAS,Q1,8.2,2.1,0.6,2.0,31.3,0.0,0.6,0.0,0.9,1.0,87.5,0.1,0.9,1.0,0.5,0.3,0.6,0.4,0.5,6.8,0.0,0.0,-0.1
Nolan Traore,BKN,Q1,7.3,2.1,0.9,2.3,38.9,0.1,0.5,25.0,0.3,0.4,66.7,0.1,0.5,0.6,1.9,0.5,0.0,0.1,0.5,5.6,1.0,0.0,-0.4
AJ Johnson,DAL,Q1,4.4,2.0,1.0,1.5,66.7,0.0,0.0,0.0,0.0,0.0,0.0,0.5,0.0,0.5,0.5,1.5,0.5,0.0,0.5,3.4,0.0,0.0,0.0
Alex Caruso,OKC,Q1,4.9,2.0,0.8,1.0,75.0,0.0,0.3,0.0,0.5,0.5,100,0.0,0.3,0.3,1.0,0.3,0.5,0.0,0.3,5.1,0.0,0.0,5.0
Blake Hinson,UTA,Q1,3.1,2.0,1.0,2.0,50.0,0.0,1.0,0.0,0.0,0.0,0.0,0.0,0.0,0.0,0.0,0.0,0.0,0.0,0.0,2.0,0.0,0.0,9.0
Bogdan Bogdanović,LAC,Q1,5.8,2.0,1.0,3.0,33.3,0.0,1.0,0.0,0.0,0.0,0.0,0.0,0.0,0.0,0.0,2.0,0.0,0.0,0.0,0.0,0.0,0.0,-11.0
Cody Williams,UTA,Q1,8.3,2.0,0.9,1.3,66.7,0.1,0.2,50.0,0.1,0.2,50.0,0.1,0.6,0.7,0.3,0.3,0.6,0.3,0.3,5.6,0.0,0.0,0.4
Dalton Knecht,LAL,Q1,3.1,2.0,1.0,1.0,100,0.0,0.0,0.0,0.0,0.0,0.0,0.5,0.0,0.5,0.0,0.5,0.0,0.0,0.0,2.1,0.0,0.0,-1.0
Drew Timme,LAL,Q1,4.0,2.0,1.0,1.0,100,0.0,0.0,0.0,0.0,0.0,0.0,0.0,0.0,0.0,0.0,0.0,0.0,0.0,0.0,2.0,0.0,0.0,-4.0
Ethan Thompson,IND,Q1,7.0,2.0,1.0,2.0,50.0,0.0,0.5,0.0,0.0,0.0,0.0,0.0,1.0,1.0,0.5,0.0,0.0,0.0,1.0,4.0,0.0,0.0,-1.0
Franz Wagner,ORL,Q1,3.4,2.0,1.0,1.5,66.7,0.0,0.0,0.0,0.0,0.0,0.0,0.0,1.0,1.0,0.0,0.5,0.0,0.0,1.0,2.7,0.0,0.0,3.5
JD Davison,HOU,Q1,2.6,2.0,1.0,1.0,100,0.0,0.0,0.0,0.0,0.0,0.0,0.0,0.0,0.0,0.0,0.0,0.0,0.0,0.0,2.0,0.0,0.0,-6.0
Jahmai Mashack,MEM,Q1,6.5,2.0,1.0,2.0,50.0,0.0,0.2,0.0,0.0,0.0,0.0,0.4,0.4,0.8,0.6,0.4,0.6,0.0,1.0,5.3,0.0,0.0,-0.6
Jakob Poeltl,TOR,Q1,4.6,2.0,1.0,2.0,50.0,0.0,0.0,0.0,0.0,0.0,0.0,0.0,0.0,0.0,0.0,0.0,0.0,0.0,0.0,2.0,0.0,0.0,-4.0
Jusuf Nurkić,UTA,Q1,7.6,2.0,0.8,2.0,40.0,0.2,0.4,50.0,0.2,0.4,50.0,0.4,2.6,3.0,1.4,0.6,0.4,0.2,0.4,8.9,2.0,0.0,-5.4
Kevin Love,UTA,Q1,4.8,2.0,0.8,2.3,33.3,0.5,2.0,25.0,0.0,0.0,0.0,0.3,3.0,3.3,0.8,0.5,0.0,0.0,0.3,6.5,0.0,0.0,6.5
Marcus Sasser,DET,Q1,3.4,2.0,1.0,3.0,33.3,0.0,1.0,0.0,0.0,0.0,0.0,0.0,1.0,1.0,0.0,0.0,1.0,0.0,1.0,6.2,0.0,0.0,0.0
Miles Kelly,DAL,Q1,2.8,2.0,1.0,1.0,100,0.0,0.0,0.0,0.0,0.0,0.0,0.0,1.0,1.0,0.0,0.0,0.0,0.0,1.0,3.2,0.0,0.0,2.0
Nick Richards,CHI,Q1,6.5,2.0,0.7,2.0,33.3,0.0,0.0,0.0,0.7,1.0,66.7,0.3,1.0,1.3,0.3,1.0,0.3,1.0,1.0,7.1,0.0,0.0,-2.0
Skal Labissiere,WAS,Q1,4.0,2.0,1.0,2.0,50.0,0.0,1.0,0.0,0.0,0.0,0.0,0.0,2.0,2.0,0.0,0.0,0.0,0.0,1.0,4.4,0.0,0.0,1.0
Spencer Jones,DEN,Q1,9.1,2.0,0.7,1.8,36.4,0.5,1.2,42.9,0.2,0.3,50.0,0.3,1.0,1.3,0.2,0.3,0.3,0.3,0.8,5.5,0.0,0.0,-2.0
T.J. McConnell,IND,Q1,4.3,2.0,1.0,1.9,53.3,0.0,0.1,0.0,0.0,0.0,0.0,0.3,0.6,0.9,0.9,0.5,0.1,0.1,0.3,4.6,0.0,0.0,1.3
Terance Mann,BKN,Q1,6.7,2.0,0.9,2.0,43.8,0.1,0.6,20.0,0.1,0.3,50.0,0.1,0.5,0.6,0.4,0.5,0.3,0.0,0.1,3.6,0.0,0.0,1.3
Trendon Watford,PHI,Q1,4.6,2.0,1.0,2.1,46.7,0.0,0.4,0.0,0.0,0.0,0.0,0.6,0.7,1.3,0.6,0.1,0.3,0.0,0.7,5.1,0.0,0.0,-0.9
Dennis Schröder,CLE,Q1,6.0,1.9,0.8,2.8,27.3,0.0,0.9,0.0,0.4,0.5,75.0,0.3,0.6,0.9,1.3,0.4,0.3,0.1,0.4,5.6,0.0,0.0,-0.3
Josh Okogie,HOU,Q1,5.6,1.9,0.8,1.3,60.0,0.4,0.6,60.0,0.0,0.3,0.0,0.8,0.4,1.1,0.4,0.1,0.1,0.0,0.4,4.0,1.0,0.0,-1.3
Sam Hauser,BOS,Q1,5.8,1.9,0.6,2.3,27.8,0.6,1.9,33.3,0.0,0.0,0.0,0.1,0.6,0.8,0.4,0.0,0.1,0.1,0.3,4.1,0.0,0.0,-2.0
Mitchell Robinson,NYK,Q1,5.6,1.9,0.9,0.9,100,0.0,0.0,0.0,0.1,0.3,50.0,0.9,1.6,2.4,0.3,0.1,0.1,0.3,0.3,6.3,0.0,0.0,1.9
Robert Williams III,POR,Q1,4.4,1.9,0.9,1.3,66.7,0.1,0.1,100,0.0,0.0,0.0,0.6,1.0,1.6,0.1,0.4,0.1,0.3,0.3,4.8,1.0,0.0,-2.7
Blake Wesley,POR,Q1,4.1,1.8,0.7,1.5,44.4,0.2,0.7,25.0,0.3,0.8,40.0,0.0,0.2,0.2,0.8,0.3,0.2,0.0,0.3,3.5,0.0,0.0,-0.8
Davion Mitchell,MIA,Q1,7.1,1.8,0.8,1.7,50.0,0.2,0.7,25.0,0.0,0.0,0.0,0.0,0.8,0.8,2.2,0.3,0.0,0.0,0.2,5.8,0.0,0.0,7.5
Jordan Miller,LAC,Q1,4.2,1.8,0.5,1.4,35.7,0.1,0.4,25.0,0.7,1.0,70.0,0.1,0.2,0.3,0.1,0.9,0.1,0.0,0.2,1.7,0.0,0.0,-2.3
Kobe Sanders,LAC,Q1,6.1,1.8,0.7,2.0,35.0,0.2,1.2,16.7,0.2,0.2,100,0.1,0.7,0.8,0.5,0.3,0.1,0.1,0.3,3.8,0.0,0.0,-2.9
Oso Ighodaro,PHX,Q1,4.7,1.8,0.8,1.1,72.7,0.0,0.0,0.0,0.2,0.7,28.6,0.7,0.8,1.5,0.6,0.3,0.1,0.4,0.3,5.7,1.0,0.0,-0.6
Johnny Furphy,IND,Q1,6.1,1.8,0.9,1.9,46.7,0.0,0.6,0.0,0.0,0.0,0.0,0.5,1.1,1.6,1.0,0.3,0.3,0.0,0.6,5.7,0.0,0.0,2.1
Justin Edwards,PHI,Q1,5.6,1.8,0.8,1.3,60.0,0.3,0.5,50.0,0.0,0.0,0.0,0.3,0.5,0.8,0.5,0.0,0.8,0.0,0.3,5.7,0.0,0.0,2.8
Jericho Sims,MIL,Q1,5.5,1.7,0.6,0.9,66.7,0.0,0.0,0.0,0.6,0.9,66.7,0.7,1.7,2.4,0.4,0.3,0.0,0.0,0.9,5.0,1.0,0.0,0.6
Sion James,CHA,Q1,5.0,1.7,0.6,1.2,50.0,0.4,0.8,50.0,0.1,0.1,100,0.1,1.1,1.2,0.9,0.7,0.0,0.0,0.6,3.8,0.0,0.0,0.3
Cameron Johnson,DEN,Q1,7.2,1.7,0.7,1.0,66.7,0.3,0.3,100,0.0,0.0,0.0,0.0,1.7,1.7,0.0,0.0,0.3,0.0,0.3,4.7,0.0,0.0,2.0
Gabe Vincent,ATL,Q1,5.5,1.7,0.7,1.5,44.4,0.3,1.0,33.3,0.0,0.0,0.0,0.0,0.2,0.2,0.7,0.2,0.3,0.0,0.0,3.7,0.0,0.0,5.8
Javonte Green,DET,Q1,3.7,1.7,0.5,1.0,50.0,0.2,0.7,25.0,0.5,0.5,100,0.0,1.0,1.0,0.0,0.3,0.3,0.0,0.2,3.5,0.0,0.0,1.7
Jordan Clarkson,NYK,Q1,4.5,1.7,0.7,1.0,66.7,0.3,0.5,66.7,0.0,0.0,0.0,0.3,0.2,0.5,0.3,0.0,0.0,0.2,0.3,3.3,0.0,0.0,-0.5
Kentavious Caldwell-Pope,MEM,Q1,5.6,1.7,0.7,1.9,35.3,0.1,0.7,16.7,0.2,0.2,100,0.0,0.6,0.6,0.8,0.2,0.2,0.0,0.4,3.9,0.0,0.0,-1.0
Quinten Post,GSW,Q1,4.1,1.6,0.5,1.5,33.3,0.4,1.3,30.0,0.3,0.3,100,0.1,1.0,1.1,0.4,0.1,0.0,0.3,0.4,4.2,0.0,0.0,1.0
Caris LeVert,DET,Q1,4.8,1.6,0.6,1.4,42.9,0.0,0.4,0.0,0.4,0.6,66.7,0.2,0.2,0.4,0.4,0.2,0.4,0.0,0.6,3.7,0.0,0.0,-2.2
Dalen Terry,PHI,Q1,5.6,1.6,0.8,1.8,44.4,0.0,0.8,0.0,0.0,0.2,0.0,0.2,0.8,1.0,0.6,0.0,0.4,0.0,0.2,4.9,0.0,0.0,-5.0
Danny Wolf,BKN,Q1,5.3,1.6,0.6,1.8,33.3,0.2,1.0,20.0,0.2,0.2,100,0.2,1.2,1.4,0.3,0.3,0.1,0.5,0.8,5.2,0.0,0.0,-1.8
Derrick Jones Jr.,LAC,Q1,6.1,1.6,0.6,1.2,50.0,0.4,0.8,50.0,0.0,0.0,0.0,0.2,0.8,1.0,0.4,0.4,0.4,0.4,0.8,5.4,0.0,0.0,-1.0
Herbert Jones,NOP,Q1,7.2,1.6,0.6,2.3,26.1,0.2,1.5,13.3,0.2,0.2,100,0.2,1.0,1.2,0.5,0.4,0.3,0.1,0.5,4.6,0.0,0.0,-1.6
Royce O'Neale,PHX,Q1,7.8,1.6,0.6,2.5,24.0,0.4,2.1,19.0,0.0,0.0,0.0,0.2,0.5,0.7,0.7,0.3,0.3,0.0,0.2,4.1,1.0,0.0,-1.2
Dru Smith,MIA,Q1,4.5,1.6,0.6,0.9,62.5,0.2,0.2,100,0.2,0.3,66.7,0.2,0.4,0.7,0.9,0.3,0.3,0.0,0.1,4.4,0.0,0.0,-1.4
Grant Williams,CHA,Q1,4.5,1.6,0.6,1.4,38.5,0.2,0.9,25.0,0.2,0.2,100,0.2,0.9,1.1,0.4,0.3,0.1,0.1,0.4,3.9,0.0,0.0,1.0
Donte DiVincenzo,MIN,Q1,7.0,1.5,0.5,1.7,29.4,0.5,1.4,35.7,0.0,0.0,0.0,0.3,0.6,0.9,1.3,0.4,0.9,0.1,0.2,7.1,0.0,0.0,0.8
Jabari Walker,PHI,Q1,5.8,1.5,0.5,1.5,33.3,0.5,0.5,100,0.0,0.0,0.0,0.5,1.5,2.0,0.0,0.0,1.0,0.0,0.0,6.9,0.0,0.0,-1.5
Julian Phillips,MIN,Q1,4.8,1.5,0.5,1.5,33.3,0.0,0.5,0.0,0.5,0.5,100,0.0,0.0,0.0,0.0,0.0,0.5,0.0,0.5,3.0,0.0,0.0,-1.5
Myron Gardner,MIA,Q1,5.3,1.5,0.5,1.5,33.3,0.2,0.8,20.0,0.3,0.3,100,0.3,1.3,1.7,0.5,0.0,0.3,0.2,1.2,5.8,1.0,0.0,-0.7
Yves Missi,NOP,Q1,4.1,1.5,0.8,1.0,75.0,0.0,0.0,0.0,0.0,0.0,0.0,0.8,0.6,1.4,0.4,0.3,0.0,0.1,0.5,3.8,1.0,0.0,1.6
Ziaire Williams,BKN,Q1,6.0,1.5,0.5,2.0,25.0,0.3,0.8,40.0,0.2,0.3,50.0,0.2,0.5,0.7,0.2,0.0,0.5,0.2,0.7,4.6,0.0,0.0,-2.7
Jrue Holiday,POR,Q1,6.2,1.4,0.7,2.6,26.1,0.1,0.9,12.5,0.0,0.0,0.0,0.3,0.4,0.8,1.2,0.6,0.2,0.0,0.4,4.3,0.0,0.0,-1.3
Micah Potter,IND,Q1,5.6,1.4,0.6,0.9,66.7,0.3,0.4,66.7,0.0,0.0,0.0,0.4,1.0,1.4,0.3,0.0,0.0,0.1,0.1,4.0,2.0,0.0,0.3
Baylor Scheierman,BOS,Q1,4.9,1.4,0.5,1.4,35.7,0.2,0.9,22.2,0.2,0.2,100,0.4,1.1,1.5,0.4,0.0,0.1,0.0,0.3,4.1,2.0,0.0,1.1
Clint Capela,HOU,Q1,4.0,1.4,0.6,1.2,50.0,0.0,0.0,0.0,0.2,0.2,100,0.8,1.2,2.0,0.1,0.2,0.2,0.3,0.0,5.3,0.0,0.0,-1.5
Jase Richardson,ORL,Q1,4.5,1.4,0.6,1.4,42.9,0.2,0.8,25.0,0.0,0.0,0.0,0.2,0.0,0.2,0.2,0.0,0.2,0.0,0.8,2.5,0.0,0.0,2.6
Kam Jones,IND,Q1,5.4,1.4,0.6,1.8,33.3,0.2,1.2,16.7,0.0,0.0,0.0,0.4,0.0,0.4,0.4,0.0,0.2,0.0,0.2,3.1,0.0,0.0,-4.6
Luka Garza,BOS,Q1,3.7,1.4,0.5,1.1,44.4,0.1,0.8,16.7,0.3,0.5,50.0,0.6,0.4,1.0,0.1,0.4,0.1,0.0,0.4,2.8,0.0,0.0,-1.5
Amari Williams,BOS,Q1,7.9,1.3,0.7,1.3,50.0,0.0,0.0,0.0,0.0,0.3,0.0,0.0,2.3,2.3,1.0,1.0,0.0,0.7,0.3,6.6,0.0,0.0,-2.3
Jae'Sean Tate,HOU,Q1,4.9,1.3,0.7,1.7,40.0,0.0,0.3,0.0,0.0,0.7,0.0,0.0,0.3,0.3,0.0,0.3,0.7,0.0,0.3,3.4,0.0,0.0,-2.3
Kyle Anderson,MEM,Q1,5.8,1.3,0.5,0.8,60.0,0.0,0.0,0.0,0.3,0.3,100,0.2,1.2,1.3,1.0,0.2,0.3,0.3,0.3,6.3,0.0,0.0,-1.0
Marcus Smart,LAL,Q1,6.8,1.3,0.6,1.7,33.3,0.2,0.9,25.0,0.0,0.0,0.0,0.1,0.4,0.6,0.7,0.4,0.1,0.1,0.8,3.2,0.0,0.0,-0.2
Rob Dillingham,CHI,Q1,3.6,1.3,0.7,1.3,50.0,0.0,0.0,0.0,0.0,0.0,0.0,0.0,1.3,1.3,0.0,0.3,0.0,0.0,0.7,2.6,0.0,0.0,-1.0
Harrison Barnes,SAS,Q1,6.3,1.3,0.4,1.6,25.0,0.1,1.1,9.1,0.4,0.6,66.7,0.1,0.6,0.7,0.8,0.1,0.0,0.0,0.3,3.2,0.0,0.0,3.1
Nae'Qwan Tomlin,CLE,Q1,5.1,1.3,0.5,1.3,38.5,0.0,0.4,0.0,0.3,0.4,75.0,0.3,0.7,1.0,0.4,0.3,0.2,0.0,0.4,3.4,0.0,0.0,-2.0
Keon Ellis,CLE,Q1,5.1,1.3,0.4,1.0,42.9,0.3,0.9,33.3,0.1,0.3,50.0,0.1,0.4,0.6,0.3,0.0,0.0,0.1,0.6,2.8,0.0,0.0,-1.9
Vít Krejčí,POR,Q1,5.4,1.3,0.6,2.1,26.7,0.1,1.6,9.1,0.0,0.0,0.0,0.0,0.6,0.6,0.3,0.0,0.4,0.0,0.1,3.7,0.0,0.0,-2.9
Cam Christie,LAC,Q1,2.9,1.3,0.5,1.3,40.0,0.3,0.3,100,0.0,0.0,0.0,0.3,0.0,0.3,0.0,0.0,0.0,0.0,0.3,1.6,0.0,0.0,-3.8
Carter Bryant,SAS,Q1,3.7,1.3,0.5,1.8,28.6,0.3,0.5,50.0,0.0,0.0,0.0,0.3,0.5,0.8,0.3,0.0,0.3,0.0,1.0,3.3,0.0,0.0,-0.3
Klay Thompson,DAL,Q1,4.8,1.3,0.5,2.0,25.0,0.1,1.3,10.0,0.1,0.1,100,0.1,0.6,0.8,0.4,0.9,0.3,0.0,0.5,2.6,0.0,0.0,-3.1
Adem Bona,PHI,Q1,3.3,1.2,0.6,0.9,62.5,0.0,0.0,0.0,0.1,0.2,50.0,0.7,0.3,1.0,0.1,0.1,0.1,0.0,0.7,2.8,0.0,0.0,-1.0
Brook Lopez,LAC,Q1,6.2,1.2,0.5,1.4,35.7,0.2,0.8,25.0,0.0,0.0,0.0,0.1,0.6,0.7,0.2,0.1,0.0,0.3,0.3,3.1,0.0,0.0,-2.9
Dwight Powell,DAL,Q1,5.7,1.2,0.4,1.0,40.0,0.0,0.0,0.0,0.4,0.8,50.0,1.2,1.6,2.8,0.4,0.2,0.2,0.0,0.6,5.6,1.0,0.0,-0.4
Jamal Shead,TOR,Q1,6.2,1.2,0.5,1.7,29.4,0.1,0.6,16.7,0.1,0.2,50.0,0.0,0.9,0.9,1.4,0.4,0.4,0.2,0.2,5.8,0.0,0.0,-1.8
Micah Peavy,NOP,Q1,3.8,1.2,0.4,1.0,40.0,0.4,0.8,50.0,0.0,0.0,0.0,0.0,0.4,0.4,0.2,0.0,0.2,0.0,0.6,2.6,0.0,0.0,-0.2
Sharife Cooper,WAS,Q1,4.0,1.2,0.6,1.2,50.0,0.0,0.2,0.0,0.0,0.0,0.0,0.0,0.6,0.6,0.2,0.4,0.0,0.0,0.2,1.8,0.0,0.0,-6.4
Svi Mykhailiuk,UTA,Q1,5.6,1.2,0.4,1.2,33.3,0.4,1.2,33.3,0.0,0.0,0.0,0.2,0.4,0.6,0.4,0.2,0.0,0.0,0.4,2.3,0.0,0.0,-1.2
Yanic Konan Niederhäuser,LAC,Q1,4.2,1.2,0.6,0.8,75.0,0.0,0.0,0.0,0.0,0.0,0.0,0.8,1.0,1.8,0.0,0.0,0.0,0.2,0.2,4.0,0.0,0.0,-1.2
Guerschon Yabusele,CHI,Q1,5.4,1.2,0.5,1.8,27.3,0.2,1.0,16.7,0.0,0.0,0.0,0.3,1.2,1.5,0.3,0.5,0.7,0.0,0.5,5.0,1.0,0.0,-2.3
Nikola Jović,MIA,Q1,3.9,1.2,0.3,1.5,22.2,0.0,0.8,0.0,0.5,1.0,50.0,0.0,0.5,0.5,0.0,0.2,0.0,0.0,0.2,1.6,0.0,0.0,0.7
Ronald Holland II,DET,Q1,4.3,1.1,0.5,1.1,44.4,0.0,0.4,0.0,0.1,0.3,50.0,0.1,0.8,0.9,0.3,0.3,0.0,0.1,0.5,2.7,1.0,0.0,1.9
Tristan da Silva,ORL,Q1,5.9,1.1,0.4,1.4,30.8,0.2,1.0,22.2,0.0,0.0,0.0,0.0,0.8,0.8,0.4,0.2,0.3,0.2,0.6,4.2,0.0,0.0,-1.0
Bruce Brown,DEN,Q1,4.0,1.1,0.5,1.0,50.0,0.1,0.3,33.3,0.0,0.0,0.0,0.0,0.2,0.2,0.4,0.0,0.2,0.0,0.5,2.5,0.0,0.0,1.0
Gradey Dick,TOR,Q1,4.3,1.1,0.2,1.2,16.7,0.1,0.4,25.0,0.6,0.6,100,0.3,0.8,1.1,0.2,0.3,0.4,0.0,0.3,3.6,0.0,0.0,-0.3
Jordan Goodwin,PHX,Q1,6.2,1.1,0.5,2.0,25.0,0.1,0.9,11.1,0.0,0.0,0.0,1.0,0.8,1.8,0.7,0.1,0.1,0.0,0.6,4.5,1.0,0.0,-0.2
Josh Green,CHA,Q1,4.4,1.1,0.4,0.9,44.4,0.3,0.6,50.0,0.0,0.0,0.0,0.2,0.5,0.7,0.4,0.3,0.1,0.1,0.1,2.8,0.0,0.0,1.9
Karlo Matković,NOP,Q1,4.3,1.1,0.5,1.3,38.5,0.1,0.6,16.7,0.0,0.0,0.0,0.2,0.7,0.9,0.3,0.1,0.3,0.2,0.3,4.0,0.0,0.0,-0.5
Andre Jackson Jr.,MIL,Q1,3.1,1.0,0.5,1.0,50.0,0.0,0.5,0.0,0.0,0.0,0.0,0.5,0.5,1.0,0.0,0.0,0.0,0.0,0.5,2.2,0.0,0.0,2.0
Ben Saraf,BKN,Q1,4.7,1.0,0.3,2.0,15.0,0.1,0.7,14.3,0.3,0.6,50.0,0.1,0.4,0.5,1.1,0.3,0.2,0.1,0.3,3.9,0.0,0.0,-1.7
Brooks Barnhizer,OKC,Q1,3.7,1.0,0.5,1.0,50.0,0.0,0.5,0.0,0.0,0.0,0.0,0.0,0.0,0.0,1.5,0.0,0.0,0.0,0.0,3.3,0.0,0.0,-3.0
Bryce McGowens,NOP,Q1,5.8,1.0,0.3,0.7,50.0,0.3,0.3,100,0.0,0.0,0.0,0.0,0.0,0.0,1.0,0.0,0.0,0.0,1.0,2.5,0.0,0.0,4.3
Drake Powell,BKN,Q1,4.9,1.0,0.3,1.2,27.3,0.2,0.9,25.0,0.1,0.2,50.0,0.2,0.4,0.7,0.1,0.3,0.0,0.0,0.7,1.6,0.0,0.0,-0.7
Jamir Watkins,WAS,Q1,5.7,1.0,0.3,1.6,21.4,0.0,0.9,0.0,0.3,0.7,50.0,0.1,0.8,0.9,0.1,0.2,0.4,0.0,0.8,3.3,0.0,0.0,-6.7
Jamison Battle,TOR,Q1,2.3,1.0,0.3,1.0,33.3,0.3,1.0,33.3,0.0,0.0,0.0,0.0,0.3,0.3,0.0,0.0,0.0,0.0,0.3,1.4,0.0,0.0,-2.3
Jarred Vanderbilt,LAL,Q1,4.2,1.0,0.4,1.1,36.4,0.1,0.6,16.7,0.1,0.2,50.0,0.4,1.0,1.4,0.3,0.2,0.6,0.0,0.3,4.7,0.0,0.0,3.0
John Konchar,UTA,Q1,4.9,1.0,0.3,0.8,40.0,0.0,0.5,0.0,0.3,0.3,100,0.2,0.5,0.7,0.7,0.2,0.2,0.2,0.0,3.6,0.0,0.0,5.5
Keshon Gilbert,WAS,Q1,3.8,1.0,0.0,0.5,0.0,0.0,0.5,0.0,1.0,1.0,100,0.5,0.5,1.0,0.0,1.0,0.0,0.0,0.5,1.2,0.0,0.0,-16.0
Kobe Brown,IND,Q1,4.9,1.0,0.5,2.0,25.0,0.0,0.5,0.0,0.0,0.0,0.0,0.5,1.0,1.5,0.0,0.5,0.0,0.0,1.0,2.3,0.0,0.0,0.0
Larry Nance Jr.,CLE,Q1,4.0,1.0,0.5,1.5,33.3,0.0,1.0,0.0,0.0,0.0,0.0,0.0,0.5,0.5,0.0,0.0,0.0,0.0,0.5,1.6,0.0,0.0,-5.5
Luke Kornet,SAS,Q1,5.8,1.0,0.5,0.9,57.1,0.0,0.0,0.0,0.0,0.3,0.0,0.8,1.0,1.8,1.0,0.0,0.3,0.1,0.0,5.7,0.0,0.0,1.8
Maxime Raynaud,SAC,Q1,6.0,1.0,0.5,0.8,62.5,0.0,0.1,0.0,0.0,0.0,0.0,0.5,1.6,2.1,0.2,0.2,0.1,0.2,0.5,4.5,2.0,0.0,-1.9
Ochai Agbaji,BKN,Q1,4.1,1.0,0.5,1.0,50.0,0.0,0.3,0.0,0.0,0.0,0.0,0.8,0.3,1.0,0.0,0.3,0.0,0.0,0.5,2.0,0.0,0.0,0.0
Ryan Kalkbrenner,CHA,Q1,4.8,1.0,0.5,0.7,71.4,0.0,0.0,0.0,0.0,0.0,0.0,0.6,0.4,1.0,0.3,0.4,0.2,0.3,0.3,3.8,0.0,0.0,0.1
Yang Hansen,POR,Q1,2.9,1.0,0.0,0.5,0.0,0.0,0.0,0.0,1.0,1.0,100,0.0,0.5,0.5,0.5,0.0,0.0,0.0,0.5,2.4,0.0,0.0,-1.0
Hugo González,BOS,Q1,5.1,0.9,0.4,1.2,33.3,0.0,0.6,0.0,0.1,0.2,50.0,0.2,0.9,1.1,0.0,0.1,0.1,0.0,0.6,2.4,0.0,0.0,2.0
Sidy Cissoko,POR,Q1,5.0,0.9,0.2,1.1,20.0,0.2,0.8,28.6,0.2,0.2,100,0.1,0.2,0.3,0.3,0.1,0.0,0.0,0.3,1.7,0.0,0.0,-2.2
Will Richard,GSW,Q1,4.6,0.9,0.3,0.7,50.0,0.2,0.6,40.0,0.0,0.0,0.0,0.3,0.2,0.6,0.7,0.1,0.8,0.0,0.3,4.8,0.0,0.0,-0.2
Anthony Gill,WAS,Q1,4.7,0.9,0.3,1.0,28.6,0.0,0.1,0.0,0.3,0.4,66.7,0.4,0.4,0.9,0.6,0.3,0.3,0.1,0.6,3.7,0.0,0.0,-1.9
Dean Wade,CLE,Q1,6.2,0.9,0.3,0.7,40.0,0.3,0.7,40.0,0.0,0.0,0.0,0.1,1.7,1.9,0.1,0.0,0.3,0.0,0.0,4.2,0.0,0.0,3.4
Quentin Grimes,PHI,Q1,4.9,0.8,0.2,1.2,14.3,0.0,0.5,0.0,0.5,0.5,100,0.2,0.8,1.0,0.3,0.2,0.0,0.0,0.3,2.4,0.0,0.0,-1.2
Dylan Cardwell,SAC,Q1,6.0,0.8,0.3,0.7,42.9,0.0,0.0,0.0,0.2,0.2,100,0.5,0.9,1.4,0.2,0.6,0.2,0.3,0.4,3.7,2.0,0.0,-3.9
Jordan Walsh,BOS,Q1,4.0,0.8,0.2,1.0,20.0,0.2,0.8,25.0,0.2,0.4,50.0,0.2,0.8,1.0,0.0,0.0,0.4,0.2,0.6,3.8,0.0,0.0,2.8
Kris Dunn,LAC,Q1,7.7,0.8,0.3,1.4,21.4,0.1,0.4,25.0,0.1,0.2,50.0,0.3,0.4,0.7,0.8,0.4,0.2,0.0,0.6,3.0,0.0,0.0,-2.4
Rayan Rupert,POR,Q1,3.7,0.8,0.4,1.0,40.0,0.0,0.4,0.0,0.0,0.0,0.0,0.2,1.0,1.2,0.4,0.2,0.8,0.0,0.0,5.0,0.0,0.0,-4.0
Isaiah Jackson,LAC,Q1,4.5,0.8,0.3,0.3,100,0.0,0.0,0.0,0.3,0.5,50.0,0.5,1.5,2.0,0.3,0.8,0.3,0.8,1.3,5.8,1.0,0.0,1.3
Ja'Kobe Walter,TOR,Q1,4.9,0.8,0.4,0.8,50.0,0.0,0.1,0.0,0.0,0.0,0.0,0.1,0.1,0.3,0.1,0.1,0.1,0.0,0.1,1.5,0.0,0.0,0.8
Mike Conley,MIN,Q1,5.6,0.8,0.3,1.5,16.7,0.3,1.0,25.0,0.0,0.0,0.0,0.0,0.3,0.3,0.8,0.0,0.0,0.3,0.5,2.9,0.0,0.0,-1.0
Nicolas Batum,LAC,Q1,4.1,0.8,0.3,0.6,40.0,0.3,0.6,40.0,0.0,0.0,0.0,0.0,0.8,0.8,0.1,0.3,0.0,0.1,0.4,2.0,0.0,0.0,-0.9
Tre Mann,CHA,Q1,2.3,0.8,0.3,0.5,50.0,0.3,0.5,50.0,0.0,0.0,0.0,0.0,0.0,0.0,0.5,0.3,0.0,0.0,0.0,1.3,0.0,0.0,1.3
Craig Porter Jr.,CLE,Q1,6.1,0.7,0.3,0.9,33.3,0.1,0.4,33.3,0.0,0.1,0.0,0.6,0.6,1.1,1.4,0.3,0.4,0.0,0.4,5.2,0.0,0.0,-2.6
Jared McCain,OKC,Q1,3.5,0.7,0.3,1.0,28.6,0.1,0.6,25.0,0.0,0.0,0.0,0.0,0.4,0.4,0.4,0.3,0.0,0.0,0.1,1.6,0.0,0.0,1.1
Asa Newell,ATL,Q1,4.3,0.7,0.2,0.7,25.0,0.0,0.2,0.0,0.3,0.3,100,0.5,0.3,0.8,0.2,0.3,0.3,0.0,0.3,2.6,0.0,0.0,-1.7
Christian Koloko,ATL,Q1,3.8,0.7,0.2,0.8,20.0,0.0,0.2,0.0,0.3,0.3,100,0.2,0.5,0.7,0.5,0.0,0.0,0.2,0.8,2.7,0.0,0.0,2.3
Joan Beringer,MIN,Q1,2.0,0.7,0.3,0.3,100,0.0,0.0,0.0,0.0,0.0,0.0,0.3,0.0,0.3,0.3,0.0,0.0,0.0,0.3,1.6,0.0,0.0,1.3
Lachlan Olbrich,CHI,Q1,3.1,0.7,0.3,0.3,100,0.0,0.0,0.0,0.0,0.0,0.0,0.3,1.3,1.7,0.0,0.0,0.0,0.0,0.3,2.7,0.0,0.0,-2.7
Ryan Dunn,PHX,Q1,3.5,0.7,0.3,1.1,30.0,0.0,0.3,0.0,0.0,0.0,0.0,0.2,0.6,0.8,0.1,0.0,0.2,0.0,0.4,2.4,0.0,0.0,-0.7
Jalen Wilson,BKN,Q1,3.3,0.6,0.2,1.0,20.0,0.2,0.6,33.3,0.0,0.0,0.0,0.2,0.2,0.4,0.4,0.0,0.4,0.0,0.2,2.9,0.0,0.0,-1.6
Moussa Cisse,DAL,Q1,2.5,0.6,0.2,0.6,33.3,0.0,0.0,0.0,0.2,0.4,50.0,0.2,0.2,0.4,0.0,0.0,0.0,0.2,0.6,1.7,0.0,0.0,-1.8
Zeke Nnaji,DEN,Q1,4.5,0.6,0.2,1.2,16.7,0.2,0.6,33.3,0.0,0.0,0.0,0.4,1.0,1.4,0.4,0.2,0.0,0.0,0.6,2.7,1.0,0.0,-1.6
Jamaree Bouyea,PHX,Q1,5.3,0.6,0.3,1.6,18.2,0.0,0.4,0.0,0.0,0.0,0.0,0.1,0.6,0.7,0.3,0.4,0.0,0.3,0.4,2.3,0.0,0.0,-3.7
Ariel Hukporti,NYK,Q1,4.6,0.5,0.3,0.5,50.0,0.0,0.0,0.0,0.0,0.0,0.0,0.3,1.3,1.5,0.0,0.0,0.0,0.5,0.5,3.8,0.0,0.0,-4.0
Maxi Kleber,LAL,Q1,4.9,0.5,0.3,0.5,50.0,0.0,0.3,0.0,0.0,0.0,0.0,0.3,0.3,0.5,0.0,0.5,0.0,0.0,1.5,0.6,0.0,0.0,2.0
Jalen Pickett,DEN,Q1,5.4,0.4,0.2,1.4,15.4,0.0,0.9,0.0,0.0,0.0,0.0,0.2,0.7,0.9,0.9,0.1,0.1,0.1,0.4,3.4,0.0,0.0,-1.8
Buddy Hield,ATL,Q1,3.6,0.3,0.2,1.3,12.5,0.0,0.7,0.0,0.0,0.0,0.0,0.0,0.5,0.5,0.3,0.2,0.0,0.3,0.3,2.3,0.0,0.0,-0.2
Tyus Jones,DAL,Q1,5.4,0.3,0.2,0.8,20.0,0.0,0.5,0.0,0.0,0.0,0.0,0.0,0.7,0.7,1.7,0.5,0.3,0.0,0.0,4.1,0.0,0.0,-1.5
Dorian Finney-Smith,HOU,Q1,4.2,0.3,0.1,1.0,14.3,0.0,0.7,0.0,0.0,0.0,0.0,0.1,0.3,0.4,0.1,0.3,0.1,0.0,0.4,1.2,0.0,0.0,-2.0
Jonathan Isaac,ORL,Q1,2.4,0.3,0.1,0.1,100,0.0,0.0,0.0,0.0,0.1,0.0,0.0,0.4,0.4,0.3,0.0,0.1,0.3,0.0,2.5,0.0,0.0,-0.1
Gary Harris,MIL,Q1,4.9,0.2,0.0,0.8,0.0,0.0,0.8,0.0,0.2,0.4,50.0,0.6,0.2,0.8,1.0,0.2,0.0,0.0,0.2,2.5,0.0,0.0,-3.4
Branden Carlson,OKC,Q1,5.7,0.0,0.0,0.0,0.0,0.0,0.0,0.0,0.0,0.0,0.0,1.0,2.0,3.0,0.0,0.0,0.0,1.0,0.0,6.6,0.0,0.0,-3.0
Goga Bitadze,ORL,Q1,0.3,0.0,0.0,0.0,0.0,0.0,0.0,0.0,0.0,0.0,0.0,0.0,0.0,0.0,0.0,0.0,0.0,0.0,0.0,0.0,0.0,0.0,0.0
Hunter Tyson,DEN,Q1,3.4,0.0,0.0,1.0,0.0,0.0,1.0,0.0,0.0,0.0,0.0,0.0,0.0,0.0,1.0,0.0,0.0,0.0,1.0,1.5,0.0,0.0,-6.0
Isaiah Stevens,SAC,Q1,5.4,0.0,0.0,1.0,0.0,0.0,0.0,0.0,0.0,0.0,0.0,1.0,0.0,1.0,1.0,1.0,0.0,0.0,1.0,1.7,0.0,0.0,-15.0
Javonte Cooke,POR,Q1,1.6,0.0,0.0,0.0,0.0,0.0,0.0,0.0,0.0,0.0,0.0,0.0,0.0,0.0,0.0,0.0,0.0,0.0,0.0,0.0,0.0,0.0,-4.0
Jaylen Clark,MIN,Q1,2.6,0.0,0.0,0.4,0.0,0.0,0.1,0.0,0.0,0.0,0.0,0.1,0.0,0.1,0.1,0.0,0.1,0.0,0.4,0.7,0.0,0.0,0.8
Jeremiah Robinson-Earl,DAL,Q1,2.8,0.0,0.0,0.5,0.0,0.0,0.5,0.0,0.0,0.0,0.0,0.0,0.5,0.5,0.0,0.5,0.0,0.0,0.0,0.1,0.0,0.0,-3.0
Jonathan Mogbo,TOR,Q1,3.7,0.0,0.0,1.5,0.0,0.0,0.0,0.0,0.0,0.0,0.0,1.0,0.5,1.5,0.0,0.5,0.0,0.0,0.0,1.3,0.0,0.0,-6.0
Jose Alvarado,NYK,Q1,2.2,0.0,0.0,0.5,0.0,0.0,0.5,0.0,0.0,0.0,0.0,0.1,0.3,0.4,0.1,0.3,0.1,0.0,0.4,0.8,0.0,0.0,1.3
Josh Minott,BKN,Q1,5.4,0.0,0.0,1.0,0.0,0.0,1.0,0.0,0.0,0.0,0.0,0.0,1.0,1.0,0.0,1.0,0.0,0.0,1.0,0.2,0.0,0.0,5.0
Kelly Olynyk,SAS,Q1,4.1,0.0,0.0,3.0,0.0,0.0,2.0,0.0,0.0,0.0,0.0,0.0,0.0,0.0,0.0,0.0,1.0,0.0,0.0,3.0,0.0,0.0,-4.0
Kevin McCullar Jr.,NYK,Q1,2.6,0.0,0.0,0.5,0.0,0.0,0.0,0.0,0.0,0.0,0.0,0.0,0.5,0.5,1.0,0.0,0.5,0.0,0.0,3.6,0.0,0.0,0.0
Kyle Lowry,PHI,Q1,4.3,0.0,0.0,0.0,0.0,0.0,0.0,0.0,0.0,0.0,0.0,0.0,0.0,0.0,0.0,0.0,1.0,0.0,0.0,3.0,0.0,0.0,6.0
Lawson Lovering,MEM,Q1,3.3,0.0,0.0,0.0,0.0,0.0,0.0,0.0,0.0,0.0,0.0,0.0,1.0,1.0,0.0,0.0,1.0,0.0,1.0,4.2,0.0,0.0,-1.0
Lonzo Ball,CLE,Q1,5.6,0.0,0.0,0.5,0.0,0.0,0.5,0.0,0.0,0.0,0.0,0.0,1.8,1.8,0.8,0.5,0.3,0.0,0.3,3.5,0.0,0.0,-4.5
Malaki Branham,WAS,Q1,3.3,0.0,0.0,1.0,0.0,0.0,0.0,0.0,0.0,0.0,0.0,0.0,1.0,1.0,0.0,0.0,0.0,0.0,0.0,1.2,0.0,0.0,1.0
Nikola Topić,OKC,Q1,1.9,0.0,0.0,1.0,0.0,0.0,1.0,0.0,0.0,0.0,0.0,0.0,0.0,0.0,1.0,0.0,0.0,0.0,0.0,1.5,0.0,0.0,-1.0
Noah Penda,ORL,Q1,2.0,0.0,0.0,0.6,0.0,0.0,0.4,0.0,0.0,0.0,0.0,0.5,0.4,0.9,0.1,0.3,0.0,0.1,0.0,1.4,0.0,0.0,-1.3
Oscar Tshiebwe,UTA,Q1,5.0,0.0,0.0,0.0,0.0,0.0,0.0,0.0,0.0,0.0,0.0,1.0,0.0,1.0,3.0,0.0,0.0,0.0,0.0,5.7,0.0,0.0,8.0
Ron Harper Jr.,BOS,Q1,6.1,0.0,0.0,0.0,0.0,0.0,0.0,0.0,0.0,0.0,0.0,0.7,1.7,2.3,0.3,0.0,0.0,0.0,0.3,3.3,0.0,0.0,-1.0
Ryan Nembhard,DAL,Q1,3.1,0.0,0.0,1.0,0.0,0.0,0.0,0.0,0.0,0.0,0.0,0.0,0.0,0.0,1.5,0.0,0.0,0.0,0.5,2.3,0.0,0.0,-0.5
Taelon Peter,IND,Q1,5.9,0.0,0.0,1.0,0.0,0.0,1.0,0.0,0.0,0.0,0.0,0.0,1.0,1.0,1.5,0.0,0.0,0.0,0.5,3.5,0.0,0.0,1.5
Tidjane Salaün,CHA,Q1,3.7,0.0,0.0,0.0,0.0,0.0,0.0,0.0,0.0,0.0,0.0,0.5,1.0,1.5,0.0,0.5,0.5,0.0,0.0,2.8,0.0,0.0,2.5
Trayce Jackson-Davis,TOR,Q1,3.8,0.0,0.0,0.0,0.0,0.0,0.0,0.0,0.0,0.0,0.0,0.5,0.5,1.0,0.0,1.0,0.0,0.0,0.5,0.2,0.0,0.0,-7.0
Tyler Kolek,NYK,Q1,4.2,0.0,0.0,1.0,0.0,0.0,0.0,0.0,0.0,0.0,0.0,0.0,0.0,0.0,2.0,0.0,0.0,0.0,0.0,3.0,0.0,0.0,2.0
Tyrese Martin,BKN,Q1,3.6,0.0,0.0,1.5,0.0,0.0,1.5,0.0,0.0,0.0,0.0,0.0,0.5,0.5,0.0,0.0,0.0,0.0,0.0,0.6,0.0,0.0,-5.5
Tyrese Proctor,CLE,Q1,2.7,0.0,0.0,0.0,0.0,0.0,0.0,0.0,0.0,0.0,0.0,0.0,1.0,1.0,0.0,0.0,0.0,0.0,0.0,1.2,0.0,0.0,-2.0
Xavier Tillman,CHA,Q1,1.2,0.0,0.0,0.0,0.0,0.0,0.0,0.0,0.0,0.0,0.0,0.0,0.0,0.0,0.0,0.0,0.0,0.0,0.0,0.0,0.0,0.0,-2.0
Yuki Kawamura,CHI,Q1,3.6,0.0,0.0,0.5,0.0,0.0,0.0,0.0,0.0,0.0,0.0,0.0,0.8,0.8,1.8,0.0,0.3,0.0,0.5,4.3,0.0,0.0,-2.8